RIC_Olink_1,RIC_Olink_2,RIC_Olink_3
3.72322,3.1893,3.76787
6.47841,5.82178,6.42905
4.52092,3.64164,3.988
12.07013,11.56378,11.88203
3.7524,3.51771,3.75919
9.46383,8.85929,9.47367
-0.08257,-0.0332,-0.03784
14.41887,13.9455,14.38853
0.50986,1.08341,1.3727
6.78116,5.9911,6.683
9.60055,9.33729,9.61288
3.13866,2.52865,2.91535
11.41797,10.95322,11.31394
10.2439,9.79327,10.18485
11.5275,11.04012,11.48551
2.70803,1.73663,2.54234
15.34495,14.61526,15.59259
-0.02348,-0.03218,0.09413
10.90232,10.75327,10.86666
4.95813,4.29735,5.04829
6.97538,6.61694,6.62887
6.88447,6.37758,6.817
5.50812,5.17217,5.09329
8.17651,7.72529,8.27337
2.8426,,2.75752
8.29597,7.77952,8.43531
0.52783,-0.90958,0.45549
0,0,0
7.20507,7.14245,7.17542
3.91457,3.80352,4.00634
0.7776,,1.33764
4.08098,3.33272,3.38987
13.19025,12.88239,13.04557
2.65998,2.0988,2.64395
,1.88893,2.1743
1.87997,2.37818,2.59512
4.22162,,4.0884
8.25357,7.51994,8.34487
0.66684,0.24565,0.27387
4.74775,4.08306,4.58169
,1.95838,
0.71221,,-0.0632
1.82084,1.95029,2.31425
9.28894,8.76269,9.17962
9.06642,8.77317,9.12361
3.38761,3.12799,3.57734
6.18359,5.81531,6.1559
4.27264,3.68233,4.27114
11.79837,11.54198,11.72687
3.58735,3.48889,3.83557
9.10733,8.8682,9.31604
-0.10129,-0.07327,-0.1631
14.14035,13.92539,14.21614
1.70879,0.67009,0.65925
6.5698,5.96285,6.32762
9.30896,9.32247,9.44325
3.05643,2.84412,2.69028
11.21058,10.97387,11.15024
10.09152,9.7606,10.01169
11.30509,10.9658,11.38565
1.54736,1.77215,1.9723
15.21434,14.63688,15.47282
-0.0383,-0.03046,-0.0225
10.76185,10.75922,10.84075
4.45043,4.59672,5.01296
6.29664,6.52089,6.59202
6.70493,6.36925,6.78291
5.32254,5.01897,5.02702
7.93914,7.65885,8.17893
2.78392,,2.86639
8.24673,7.82948,8.40631
0.16738,-1.03621,-1.15515
0,0,0
7.20095,7.15081,7.20413
3.95905,3.83409,3.64947
0.68961,,1.62974
4.33155,3.11635,3.43545
12.90656,12.84001,12.96357
2.2289,1.82793,2.75682
,2.2342,2.56422
2.64044,2.20864,2.06252
4.08655,,4.22793
8.03546,7.4871,8.28842
0.0699,0.25129,0.40879
4.60819,4.01966,4.48733
,4.00302,
0.49658,,0.35153
1.56296,2.16454,2.09403
8.97707,8.6759,9.05602
8.93526,8.72246,9.04187
3.33313,3.12673,3.52991
6.01659,5.75187,6.05968
3.4061,3.62348,3.86313
11.78361,11.52896,11.70097
3.53158,3.57729,3.6741
8.98145,8.77967,9.31403
-0.21739,-0.05093,-0.14429
14.1065,13.95473,14.14484
0.71844,1.2286,1.60898
6.54146,5.92915,6.42343
9.31769,9.28851,9.46504
2.86799,2.66377,3.00712
11.24262,11.0145,11.21352
10.12905,9.81202,10.08958
11.26896,11.0918,11.40107
1.88991,2.07328,1.39808
15.20448,14.70788,15.49608
-0.09903,-0.00238,-0.06819
10.75585,10.73795,10.79653
5.03503,4.51955,5.10084
6.35453,6.66651,6.51531
6.65295,6.40495,6.74541
5.14266,5.09922,5.17478
7.85514,7.66329,8.19191
2.77084,,2.74827
8.37,7.92668,8.38294
-0.33278,0.1683,-1.0658
0,0,0
7.02082,7.03116,7.19542
3.664,3.63644,3.82995
1.10601,,1.46193
4.10236,3.68854,3.60894
12.85078,12.90858,12.9021
2.1246,2.10056,2.38753
,3.1845,2.58593
2.14229,2.07576,2.48781
4.21936,,3.70273
7.98297,7.56096,8.24304
0.52054,0.34366,0.43819
4.54112,4.21162,4.58804
,2.33843,
0.26631,,0.39653
1.07235,2.22341,1.76005
8.94463,8.75615,9.10005
8.76964,8.88769,9.04965
3.21782,3.30677,
6.00633,5.67613,
3.97154,3.42362,
11.79982,11.6024,
3.53998,3.59009,
9.02506,8.9253,
-0.15859,-0.02388,
14.11852,13.92946,
0.92535,0.59396,
6.36177,5.98982,
9.23546,9.27948,
2.83744,2.14394,
11.13633,10.89742,
10.09425,9.80513,
11.26646,11.01874,
1.76,2.03352,
15.12715,14.70583,
-0.13281,-0.03712,
10.61469,10.67991,
4.55744,4.52239,
6.25355,6.52731,
6.58132,6.42352,
5.10906,4.93584,
7.86135,7.69533,
2.61642,,
8.12762,7.83557,
-1.39176,0.85764,
0,0,
6.97925,7.10148,
3.15013,3.6508,
0.97983,,
2.88581,3.26153,
12.87949,12.95109,
2.65186,2.46582,
,2.34429,
1.44225,2.08668,
4.25433,,
7.95623,7.58724,
-0.05331,0.02926,
4.50149,4.19699,
,1.92434,
0.00961,,
1.9319,2.17246,
8.93739,8.83867,
8.74042,9.0239,
3.4283,3.17304,
6.16847,5.85063,
3.90478,3.59312,
11.91696,11.59527,
3.57232,3.59795,
9.20555,8.91696,
-0.08884,-0.09058,
14.22519,13.86783,
1.72289,0.72778,
6.69779,6.06027,
9.33648,9.27279,
2.82583,2.26993,
11.24309,10.9412,
10.11757,9.80631,
11.37915,11.02754,
1.70531,2.24242,
15.19934,14.55626,
-0.09578,-0.08609,
10.69437,10.71448,
5.06218,4.43077,
6.51544,6.47159,
6.67126,6.37978,
5.19773,5.06264,
7.91148,7.58141,
2.6955,,
8.31316,7.83905,
-1.38198,0.42566,
0,0,
7.12178,6.9736,
3.93126,3.40864,
0.928,,
3.76503,3.51191,
12.97348,12.87133,
3.33198,2.45803,
,2.35891,
1.49616,2.47435,
4.47024,,
7.97468,7.44462,
0.32301,0.20915,
4.62464,4.16028,
,0.81499,
-0.27313,,
1.59344,2.013,
8.90619,8.76181,
8.71745,8.84278,
3.44763,2.91283,3.60005
6.15169,5.63867,6.2479
4.49781,3.72378,4.16148
12.05964,11.45774,11.79014
3.65766,3.2531,3.7999
9.17172,8.60274,9.30355
-0.02723,-0.01478,-0.11258
14.29007,13.70438,14.20127
1.41765,-0.51504,0.47942
6.6411,5.90825,6.4891
9.43719,9.04203,9.48855
3.0396,2.63832,2.736
11.35869,10.74116,11.19626
10.18354,9.72305,10.09588
11.41962,10.92195,11.3361
2.01514,1.95344,2.64
15.30347,14.52233,15.45405
-0.06601,-0.08999,-0.01556
10.78424,10.5646,10.90559
4.51143,4.35582,5.00165
6.49467,6.36712,6.5792
6.65988,6.33937,6.7515
5.25738,4.71097,5.15856
7.76572,7.49108,8.08857
2.95004,,2.84521
8.33225,7.71832,8.31749
0.06248,0.44642,0.7535
0,0,0
6.93683,6.93819,7.36218
3.68422,3.52636,3.81896
1.4002,,1.3902
3.6399,2.81746,3.20467
12.9476,12.65786,12.93333
2.41323,2.42378,2.22161
,1.83061,1.5431
1.78455,1.7737,2.39443
4.47426,,3.89956
8.14123,7.41931,8.17387
0.14142,0.09899,0.50061
4.64602,4.05245,4.48527
,1.65786,
0.67024,,0.42802
1.18598,1.82241,1.99846
8.8517,8.47163,8.99757
8.78126,8.55002,8.97939
3.5946,3.02766,
6.27263,5.51983,
4.11654,3.48997,
11.89834,11.46926,
3.54201,3.30356,
9.33536,8.57125,
-0.10122,-0.02649,
14.21217,13.73708,
1.40177,1.39848,
6.26817,5.82836,
9.50377,9.04386,
2.74077,2.20041,
11.1828,10.72271,
10.1283,9.71685,
11.39068,10.87067,
2.64116,2.54508,
15.10912,14.54236,
0.04308,0.01295,
10.93192,10.58442,
4.73615,4.21452,
6.59818,6.35932,
6.68495,6.3518,
5.16921,5.02488,
8.03632,7.57311,
2.6223,,
8.08903,7.77342,
-0.09226,-0.39915,
0,0,
7.09919,6.85366,
3.99041,3.44419,
1.18122,,
3.91052,3.41432,
12.93426,12.65855,
2.77004,1.78719,
,2.11301,
2.44653,1.64459,
4.01389,,
7.98854,7.32154,
0.29526,0.07554,
4.46388,3.97241,
,1.63015,
0.29514,,
1.13874,1.74034,
8.83963,8.40312,
8.83747,8.52835,
3.49387,3.06713,
6.39534,5.62425,
4.29785,3.72576,
12.03382,11.45799,
3.78042,3.30243,
9.17972,8.70925,
0.0076,0.01427,
14.2601,13.60255,
1.05312,1.04177,
6.77085,5.76296,
9.38045,9.02687,
2.75801,2.69043,
11.27971,10.65852,
10.16209,9.63462,
11.36812,10.80196,
2.49019,1.44022,
15.21967,14.36887,
-0.10201,-0.11975,
10.7461,10.49725,
4.58036,4.25427,
6.73293,6.31558,
6.65071,6.18901,
5.39623,4.86454,
7.84299,7.43839,
2.73142,,
8.29184,7.68915,
0.84912,-1.95241,
0,0,
6.91593,6.8363,
3.83201,3.72325,
0.79455,,
3.96634,2.90316,
12.88727,12.56526,
2.72601,2.21717,
,1.9058,
1.95046,1.42651,
4.27813,,
7.99037,7.32332,
-0.01083,0.31871,
4.52147,3.84222,
,1.22047,
0.22472,,
1.91711,1.31248,
8.80865,8.30478,
8.71317,8.40101,
3.56949,2.95741,2.68743
6.28203,5.75221,5.17917
4.02225,3.67591,3.34209
11.92294,11.42964,11.02271
3.77611,3.32089,2.93993
9.20416,8.77683,8.09699
-0.16791,-0.01366,0.10221
14.22803,13.75366,13.41514
0.71718,1.02618,1.58066
6.60415,5.9284,5.54747
9.37914,9.098,8.60963
3.21425,2.92552,1.93031
11.23423,10.75561,10.33666
10.10447,9.6997,9.53937
11.36049,10.88393,10.56032
2.31288,1.60982,2.05457
15.19517,14.50199,14.39077
-0.07466,0.03027,0.04216
10.8226,10.60672,10.24256
4.69784,4.12717,3.88406
6.52179,6.28621,5.56222
6.78303,6.27529,6.11757
5.46851,4.8319,4.59062
8.00026,7.47869,7.49752
3.04572,,2.24476
8.32054,7.85882,7.35778
0.50955,0.35602,-1.26644
0,0,0
7.17604,6.80796,6.68364
3.74354,3.62753,2.9533
1.18829,,0.69241
3.95994,3.53526,2.84753
12.97315,12.70465,12.2784
2.05228,2.27128,1.64038
,2.0244,2.29203
1.89281,2.36413,2.17268
4.06455,,2.90897
8.11192,7.36571,7.22109
0.44156,0.3108,0.3132
4.61008,4.03005,3.6237
,1.24401,
0.81478,,0.15292
2.13266,1.54127,1.51323
9.02928,8.5353,8.26528
9.00887,8.70023,8.2785
3.5854,3.08997,2.34095
5.97935,5.76902,4.78473
4.12742,3.44513,3.36926
11.90912,11.51952,10.45822
3.65141,3.43688,2.51864
9.07331,8.85331,7.68821
-0.03471,-0.04977,0.13157
14.11534,13.86678,12.8777
1.55961,0.40842,-0.58191
6.61824,5.94369,4.93395
9.29195,9.1454,8.16375
2.7725,2.77993,2.39668
11.27554,10.92928,9.79577
10.09022,9.75298,9.26995
11.29312,10.91152,10.07515
1.79849,1.04323,2.44235
15.26774,14.64249,13.90119
-0.02475,-0.02051,0.06477
10.91705,10.65478,9.89086
5.05648,4.33042,3.59783
5.8256,6.47195,5.14662
6.54761,6.3477,5.67451
4.95032,5.02349,4.04981
7.93178,7.69832,7.03178
3.12047,,1.53862
8.22795,7.81734,7.01813
0.5332,-0.88906,-1.59028
0,0,0
7.02588,6.95153,6.22008
3.60903,3.82539,2.35865
1.13735,,0.53493
3.3465,3.56127,2.57164
12.99869,12.76546,11.79058
2.3557,2.15642,1.62616
,1.92921,0.88223
1.97811,1.69921,1.6254
4.45538,,2.91411
8.14919,7.54624,6.86095
0.3457,0.27187,-0.08485
4.47872,4.11263,3.34164
,1.73165,
0.60871,,-0.56818
1.78408,0.83775,0.4192
9.04045,8.62512,7.67206
9.09256,8.69372,7.72082
3.45032,3.21513,2.62942
6.16808,5.84256,5.17772
4.48174,3.50612,3.63209
11.86874,11.65484,10.92569
3.43443,3.52732,3.05071
9.07651,8.93661,8.04801
-0.16282,-0.05297,0.03858
14.2047,13.99222,13.30704
1.09715,0.57289,1.45939
6.54297,6.12921,5.44959
9.34558,9.40252,8.58939
3.28714,2.93973,2.40244
11.31936,11.01939,10.21086
10.12264,9.81806,9.61814
11.37828,11.1283,10.52292
1.74902,2.1652,1.39395
15.315,14.77405,14.41741
-0.03668,0.01794,0.06505
10.75632,10.85699,10.17815
4.6292,4.63651,3.83352
6.55297,6.55581,5.43787
6.68358,6.48303,6.05094
5.15277,5.2256,3.86174
7.93836,7.77222,7.42372
2.90472,,2.08364
8.3896,7.94879,7.39579
0.35427,0.20316,0.29444
0,0,0
7.11195,7.18254,6.68147
3.25151,3.8205,2.98459
1.14067,,0.59478
3.33231,3.63308,2.61262
13.02302,12.93317,12.31691
2.69832,2.45717,1.81541
,2.22529,1.91181
1.7313,2.37453,1.96871
3.95228,,3.76216
7.91696,7.54797,7.39223
0.30663,0.02537,0.33551
4.68459,4.20271,3.85336
,1.9483,
0.51383,,-0.52998
0.56109,1.84696,0.5924
9.04576,8.79201,8.16193
8.84199,8.90656,8.19435
3.47351,2.99904,2.48327
6.14916,5.6071,4.96919
4.27676,3.43259,3.31773
11.98335,11.46188,10.70542
3.79547,3.36224,2.72438
9.23034,8.6332,7.94368
-0.12571,0.04475,0.03015
14.31614,13.78897,13.07165
1.52508,0.67678,1.46482
6.74182,5.96124,5.34152
9.38994,9.12559,8.34247
2.26121,2.39269,2.38053
11.31902,10.74638,10.01689
10.20573,9.72826,9.45888
11.42996,10.85957,10.31042
2.38935,2.11767,1.50728
15.34373,14.62209,14.24524
-0.05027,0.03645,0.08006
10.74396,10.59644,10.00798
5.16262,4.26889,3.73257
6.64333,6.34584,5.17548
6.75115,6.36659,5.92414
5.07605,4.85706,4.21437
7.96805,7.50312,7.21312
2.84685,,2.19678
8.37005,7.86129,7.29589
0.12002,1.01739,-0.59395
0,0,0
7.13292,6.86629,6.33581
3.95786,3.6639,2.52759
0.7244,,0.9206
3.8917,3.01123,3.22862
12.9857,12.67845,11.99662
2.54849,2.27669,1.57691
,2.24806,1.84398
2.4279,2.03528,0.95804
3.80643,,3.1306
8.09579,7.49669,7.31209
0.63621,0.21435,0.50081
4.66216,4.08702,3.63555
,2.18623,
0.81685,,-0.23023
2.06173,1.18018,0.92693
9.17786,8.67681,8.03099
9.01649,8.74438,8.12745
3.49291,3.01882,3.10043
6.16588,5.61498,5.60514
4.16368,3.29759,4.02153
12.04898,11.34309,11.27236
3.7507,3.30248,3.29491
9.36168,8.70501,8.59499
-0.13549,-0.05786,0.00798
14.26237,13.67135,13.67809
0.3225,0.59138,1.25175
6.58304,5.79917,5.91487
9.43852,9.13515,9.02186
3.22509,2.33579,2.31128
11.30129,10.65863,10.66268
10.21556,9.65938,9.7796
11.42104,10.78437,10.82392
2.48109,1.92275,1.71277
15.33502,14.46551,14.82895
-0.1027,-0.00694,0.06408
10.79395,10.60412,10.6666
4.79996,4.47883,4.14917
6.75016,6.33863,6.04496
6.77102,6.29633,6.36365
5.42048,4.76941,4.77591
7.98555,7.46194,7.83708
2.87201,,2.40089
8.42174,7.77819,7.72947
-0.46311,0.093,-0.23964
0,0,0
7.09224,6.82755,6.87033
3.87631,3.50524,3.28906
0.97913,,1.31758
4.03414,3.02349,3.06163
13.00328,12.61159,12.56924
2.79696,2.06729,1.75236
,2.45809,1.89857
2.56939,1.57349,1.31725
3.82217,,3.67363
8.05168,7.34914,7.76419
0.60521,-0.03858,0.49801
4.56891,3.98112,4.09669
,1.15419,
0.36219,,0.02641
1.30913,1.82569,1.28039
8.99759,8.53306,8.5842
8.88137,8.68188,8.60436
3.48669,2.92847,3.21587
6.26698,5.56523,5.85808
3.79973,3.6265,3.93231
12.04848,11.3984,11.37904
3.69674,3.25537,3.20481
9.18376,8.67613,8.6103
-0.13449,-0.10395,-0.09095
14.28611,13.71998,13.72144
0.825,0.49318,0.6711
6.68847,5.76091,6.04551
9.37703,9.10489,9.0354
3.20244,2.95569,2.38903
11.3448,10.7729,10.77501
10.15081,9.66875,9.83444
11.34146,10.8802,10.89494
3.03464,1.77046,1.81213
15.3113,14.55494,15.0038
-0.03117,0.02662,-0.01432
10.67675,10.65104,10.74467
4.44394,4.17489,4.21056
6.56178,6.18986,5.9103
6.71527,6.2649,6.35805
5.3724,4.86923,4.73473
7.87962,7.52573,7.8385
2.65249,,2.55046
8.3073,7.65869,7.94808
0.8287,-0.24246,-0.24456
0,0,0
7.20627,6.78417,6.93168
3.75657,3.7143,2.92117
1.18326,,1.12791
3.97362,2.94424,2.94863
12.9908,12.65732,12.644
2.06969,1.71911,2.13424
,2.09709,2.30538
2.07285,1.4008,2.11785
3.45502,,3.79881
7.991,7.43078,7.81108
0.34245,0.33807,0.56504
4.60874,3.98198,4.21202
,1.77559,
0.47508,,-0.16227
0.57749,1.42445,1.27784
8.92922,8.48517,8.57813
8.84088,8.65783,8.70512
3.4504,3.01873,3.01525
6.24718,5.64927,5.42191
4.06633,3.45357,3.98138
11.94622,11.53535,11.13428
3.46158,3.38559,3.12712
9.08191,8.70331,8.26807
-0.13122,-0.02466,0.02671
14.08013,13.7191,13.47482
1.5706,0.5945,1.50466
6.43888,5.87223,5.81373
9.21779,9.09932,8.66634
3.16476,2.20599,2.1914
11.18555,10.74962,10.42708
10.17044,9.72245,9.67745
11.30312,10.88037,10.6368
2.38664,1.92168,1.03159
15.17195,14.58636,14.6351
-0.09938,0.04106,-0.00856
10.66911,10.65771,10.41103
4.6758,4.28397,3.86928
6.48485,6.27282,5.69647
6.66911,6.34965,6.23044
5.27583,5.13808,4.58109
7.82027,7.57985,7.63871
2.41956,,2.4206
8.25683,7.76314,7.60192
-0.52255,1.37039,-0.39939
0,0,0
6.93807,6.82279,6.7763
3.54334,3.68477,3.08939
0.91597,,0.62924
4.03586,2.6077,2.35316
12.76771,12.67911,12.40389
2.4998,2.29468,1.32043
,2.19133,2.04502
2.08099,2.20953,1.97313
4.26216,,3.08675
8.02832,7.47533,7.45633
0.36678,0.18072,-0.06965
4.46247,3.93648,3.80807
,1.63466,
-0.01238,,0.29466
1.89349,1.55839,1.15517
8.72146,8.45712,8.25817
8.6942,8.56295,8.30076
3.82882,2.95319,
6.52714,5.62398,
4.59447,3.6884,
12.30078,11.48983,
3.85798,3.3065,
9.40631,8.7145,
-0.09693,0.12384,
14.36828,13.66935,
1.28173,0.71379,
6.72029,5.78453,
9.50444,9.0975,
2.86613,3.01249,
11.40308,10.69337,
10.23293,9.73812,
11.51117,10.86472,
2.27583,1.88421,
15.35618,14.49879,
-0.11334,0.03119,
10.83044,10.57853,
4.24949,4.25288,
6.80212,6.275,
6.81288,6.2237,
5.32863,4.82597,
8.01949,7.44588,
3.1047,,
8.46558,7.79018,
-0.27561,-0.42418,
0,0,
7.34612,6.936,
4.02449,3.47909,
1.10309,,
3.78465,2.52044,
13.0556,12.58888,
2.12199,1.67991,
,2.35745,
2.79024,2.23588,
4.65964,,
8.10148,7.40171,
0.68867,0.63313,
4.65948,3.8974,
,1.30273,
0.29707,,
1.75472,1.63298,
8.9921,8.35687,
8.9429,8.43415,
3.53652,3.18772,3.64453
6.1288,5.97778,6.30906
4.18127,3.52827,3.94794
11.89313,11.68991,11.92391
3.705,3.47972,3.71019
9.14235,8.96443,9.36856
-0.16123,0.02368,-0.07209
14.13617,13.87859,14.15549
0.7255,1.6831,1.00587
6.40212,6.01009,6.48585
9.32884,9.33008,9.48616
3.02518,2.43736,2.87134
11.17801,10.8223,11.20545
10.04871,9.78607,10.09725
11.31733,11.09123,11.46977
2.26607,2.08782,2.5814
15.09332,14.55098,15.49087
-0.17047,-0.00533,0.07272
10.73955,10.78318,10.88471
4.58913,4.74363,4.95979
6.37756,6.60815,6.53145
6.69342,6.40119,6.78229
5.29538,5.04768,5.45364
7.94096,7.71316,8.24131
2.28676,,2.6295
8.2459,7.94205,8.32478
-0.22851,0.16401,0.64837
0,0,0
7.13772,6.92246,7.26563
3.76802,3.5664,3.90312
1.38791,,1.5172
3.88581,3.64493,3.31915
12.96789,12.8783,13.00332
2.8378,2.26939,2.55068
,3.006,2.54694
2.08564,1.45349,2.98774
4.21871,,4.06384
7.9674,7.51029,8.25254
0.44777,0.34382,0.58665
4.48942,4.08514,4.61308
,2.18046,
0.75563,,0.88406
0.90916,2.05537,1.95968
9.00315,8.68111,9.01424
8.82858,8.74627,9.06314
3.46848,3.07618,3.68381
6.04309,5.78395,6.27118
4.15474,3.22908,4.38399
11.92519,11.60598,11.81728
3.49458,3.50132,3.63662
9.09344,8.88298,9.3657
-0.141,-0.07017,0.03117
14.17451,13.96607,14.20886
1.82068,0.2909,0.112
6.50673,6.13673,6.52753
9.27433,9.27677,9.56643
2.80379,2.47531,2.87211
11.24286,11.02645,11.186
10.09363,9.83142,10.16381
11.30523,11.08752,11.4674
2.48909,1.78884,2.08007
15.22231,14.7236,15.47782
-0.08385,-0.01535,0.01696
10.70532,10.72339,10.93411
4.74051,4.22222,4.76792
6.54339,6.54958,6.52922
6.68372,6.48891,6.78731
5.47111,5.23787,5.34591
7.85797,7.69132,8.15625
2.6191,,2.62327
8.36773,7.96833,8.29303
1.41842,1.16539,-0.80919
0,0,0
6.9383,7.00984,7.43505
4.02564,3.82453,3.73305
1.67358,,1.53945
4.19574,3.19845,4.08545
12.93715,12.803,12.96001
1.98132,2.48549,2.58611
,2.21424,2.57161
2.25193,2.06309,1.17717
4.32017,,3.98834
8.68956,7.54351,8.28007
0.31986,0.26756,0.49537
4.56117,4.10646,4.62704
,0.39156,
0.27956,,0.40022
1.93227,1.97036,1.58687
9.01851,8.71689,9.10071
8.91381,8.79197,9.14537
3.22331,3.09604,3.40692
5.96574,5.83532,5.94921
3.40894,3.175,4.15016
11.73006,11.62576,11.57539
3.41133,3.40223,3.69326
8.96807,8.87692,9.08992
-0.24299,-0.0863,-0.02177
14.06983,13.96359,14.02151
,1.248,1.23692
6.4948,5.90698,6.26264
9.20294,9.3055,9.31897
2.92965,2.53448,3.13593
11.17849,11.02368,11.05815
10.09776,9.81776,10.09432
11.2813,11.10549,11.2383
2.42556,2.02653,2.43801
15.23263,14.85258,15.36867
-0.14102,0.01398,-0.00087
10.69833,10.72542,10.83918
4.40748,4.51955,4.60776
6.21359,6.61548,6.15604
6.65277,6.51382,6.66964
5.09334,4.98788,4.97556
7.82801,7.73966,8.04599
2.71411,,2.57577
8.25213,7.96495,8.22737
1.21345,-2.29517,0.61952
0,0,0
6.9744,7.13396,7.23139
3.04843,3.73857,3.5406
1.17064,,1.06874
3.41531,3.3423,3.20802
12.87398,12.92454,12.79934
2.18866,2.18739,2.56443
,1.9176,2.43776
0.26251,1.58894,2.39469
4.27389,,3.83246
7.96109,7.64124,8.17184
0.28276,0.31749,0.46429
4.58886,4.29773,4.37628
,2.29667,
0.35479,,0.60651
1.5468,1.62362,1.89989
8.86136,8.77929,8.93218
8.62756,8.88987,8.95794
3.38468,3.145,3.22991
6.01029,5.89781,5.82452
3.93989,3.98204,3.81277
11.84613,11.68617,11.46574
3.38713,3.61356,3.40601
9.13368,9.05857,8.94613
-0.07442,-0.02592,-0.10307
14.19719,14.04872,13.88769
1.43893,0.73967,0.82634
6.55562,6.11423,6.1045
9.35122,9.39731,9.11829
3.15256,2.55922,2.66165
11.30863,11.10901,10.95963
10.16402,9.88273,9.93398
11.33471,11.11311,11.0918
2.15403,2.34539,2.41108
15.29758,14.87608,15.14755
-0.02216,0.05305,-0.03622
10.76462,10.78858,10.78903
4.79007,4.60424,4.74572
6.3947,6.63595,6.04429
6.66375,6.54626,6.48202
5.19421,5.02695,4.92963
7.90757,7.72904,7.87359
3.11719,,2.58214
8.31084,7.97897,7.91225
1.1287,1.40176,0.93482
0,0,0
7.08288,7.14252,7.22566
3.59134,3.91623,3.21752
1.26614,,1.07336
3.44293,3.81972,3.234
12.92245,12.98797,12.68409
2.53457,2.32097,2.42361
,1.55505,1.88426
1.9152,1.80498,1.27832
4.31312,,4.00785
8.06221,7.74991,8.09869
0.24135,0.35413,0.13982
4.67462,4.26923,4.35488
,0.7569,
0.30859,,0.58716
1.98488,1.99064,1.40842
9.1014,8.96032,8.88611
8.96265,9.04256,8.87228
3.55738,3.03811,3.42323
6.29315,5.80942,5.97736
3.69388,3.99075,4.00331
11.89937,11.58072,11.54151
3.51015,3.48779,3.45628
9.18121,8.81991,9.11594
-0.12825,0.05224,-0.11788
14.30346,13.88924,14.00679
1.47039,1.03745,0.58522
6.52992,6.06156,6.24153
9.31181,9.22059,9.31744
3.18995,2.66383,2.55304
11.30155,10.85815,11.01423
10.12904,9.8184,9.93878
11.35128,11.02271,11.11864
2.50853,1.82592,1.6955
15.29306,14.63397,15.2337
-0.12887,0.05189,-0.09725
10.73411,10.67019,11.03419
4.74847,4.49283,4.43602
6.34339,6.58291,6.19752
6.69922,6.42818,6.52307
5.07245,4.95525,5.09031
7.89647,7.68066,8.04161
2.68546,,2.52376
8.29953,7.8907,8.12059
1.0817,0.51421,0.06812
0,0,0
7.12507,7.00349,7.00143
3.8058,3.91037,3.29461
1.46264,,1.39922
4.15664,3.51228,3.45631
13.04315,12.80462,12.83821
2.68293,1.99481,2.00465
,2.91244,1.95808
1.89403,2.35274,1.86227
4.17398,,4.19645
8.12642,7.54579,8.10662
0.29189,0.42679,0.835
4.56936,4.19405,4.37207
,2.32552,
0.74162,,0.46249
1.43795,1.48294,2.3533
9.0591,8.72406,8.91296
8.91186,8.86076,9.15307
3.54746,3.14501,3.52278
6.36234,5.75599,6.11305
3.99857,3.76416,4.09163
11.92093,11.66098,11.7658
3.71151,3.48522,3.61976
9.10497,8.82505,9.23393
-0.09118,-0.0394,-0.03044
14.221,13.8703,14.10332
1.11515,0.15018,0.23965
6.52584,6.04633,6.26006
9.38698,9.21228,9.42872
3.09167,2.67727,3.27663
11.27729,10.97084,11.22319
10.20806,9.80201,10.05553
11.36486,11.05841,11.34014
1.99984,1.33044,2.64129
15.31409,14.79822,15.30615
-0.03618,-0.01286,-0.02525
10.81382,10.69755,11.15834
4.42903,4.19412,5.0068
6.47693,6.30489,6.2907
6.69983,6.46581,6.62046
5.08781,5.30196,5.27502
7.86121,7.63971,8.21681
2.80911,,2.90635
8.30349,7.97745,8.19214
1.07956,0.48793,1.19863
0,0,0
7.03387,7.1465,7.22801
4.26899,3.6012,3.81775
0.27028,,0.93688
3.56037,3.05015,3.60235
12.98333,12.88957,12.92448
1.32882,2.55878,2.07472
,2.0025,3.01975
2.32551,1.92347,1.82251
4.19007,,4.04815
8.08471,7.58605,8.13563
0.59556,0.32243,0.5407
4.46241,4.18985,4.23619
,2.21343,
0.29107,,0.11154
1.9294,1.30206,1.79363
8.89675,8.6488,8.83224
8.93466,8.8344,8.88803
3.60902,2.95583,3.38429
6.29779,5.58811,5.9276
4.3447,3.52441,3.60873
12.11775,11.46886,11.54796
3.74465,3.26917,3.28242
9.35306,8.76238,8.91755
-0.03972,-0.01546,0.00199
14.28312,13.6774,13.75292
1.66487,-0.10544,1.63427
6.64318,5.78086,6.16872
9.40284,9.03162,9.09719
3.1345,2.01845,2.79249
11.33921,10.72331,10.81427
10.24887,9.76428,9.85988
11.43207,10.83771,10.98291
2.57507,2.07462,2.5167
15.32046,14.45033,14.95283
-0.08489,0.00491,0.00487
10.79906,10.59661,10.70266
5.06928,4.53046,4.66194
6.52163,6.34166,6.13789
6.79339,6.30333,6.453
5.14474,4.88598,4.99628
7.91252,7.48071,7.89327
3.11156,,2.61494
8.39607,7.76402,7.93959
-0.3163,0.35841,0.1037
0,0,0
7.22032,6.79988,7.00428
4.35211,3.57172,3.23973
0.90256,,0.98083
3.88226,3.02138,2.83497
13.0363,12.58904,12.65088
2.63316,2.30918,2.01883
,1.51682,2.11267
2.12983,2.2639,1.68932
4.03429,,3.53721
8.14473,7.39128,7.84837
0.39964,0.33351,0.43823
4.6238,3.93736,4.06742
,2.50404,
0.40037,,-0.26122
1.01123,0.84763,1.75202
8.93256,8.36129,8.53407
8.83087,8.45894,8.56575
3.65331,3.30987,3.87929
6.27692,6.1286,6.40289
4.14601,3.78912,4.19445
12.15288,11.72396,11.9395
3.94942,3.56047,3.96465
9.47329,9.00023,9.48341
-0.03892,-0.06236,0.10213
14.23005,13.93901,14.28301
0.551,-0.06006,1.21399
6.60073,6.03774,6.51424
9.39039,9.37407,9.52429
3.15065,2.56494,3.09754
11.30845,10.96422,11.28191
10.18503,9.79465,10.14287
11.42492,11.05606,11.45745
2.34072,2.24912,2.63338
15.27984,14.65073,15.57207
-0.15478,-0.09147,0.05395
10.78002,10.76028,10.91291
4.77127,4.61308,4.81753
6.49506,6.53579,6.54581
6.73737,6.36528,6.81818
5.1455,5.10515,5.14309
7.94037,7.71396,8.22604
3.07815,,2.87121
8.37507,7.89946,8.2336
-0.47459,0.89367,1.26148
0,0,0
7.14455,7.03919,7.35336
3.54554,3.661,3.77784
1.00044,,1.48158
3.97947,3.29917,3.92784
13.09701,12.94077,13.09984
2.80015,2.45861,2.53714
,1.96305,2.34431
2.57409,2.08348,0.81674
4.20597,,4.28943
8.17102,7.58446,8.28511
0.63989,0.44281,0.56236
4.61858,4.05257,4.46531
,1.11195,
0.29403,,0.42295
1.4676,1.64497,1.77179
8.96882,8.65117,9.05379
8.95011,8.61353,9.03484
3.62518,2.9971,3.33383
6.25918,5.66287,5.9724
4.13901,3.77766,3.84502
11.85635,11.62024,11.42288
3.6672,3.49215,3.41777
9.32622,8.81121,8.77601
-0.09167,0.05564,0.07543
14.31275,13.90348,13.9046
0.72302,1.52107,0.74308
6.46172,6.05818,5.89697
9.55255,9.13346,8.97217
2.63167,2.30931,2.66526
11.24791,10.89628,10.99126
10.06426,9.83445,9.8191
11.33154,11.05635,10.90371
2.117,2.47867,2.0062
15.05974,14.69841,15.04575
-0.00078,0.04321,0.01692
10.95476,10.67172,11.0675
5.10883,4.56449,4.29164
6.66929,6.30953,5.94808
6.71756,6.40371,6.35758
5.27407,4.84928,5.11561
8.11005,7.64192,7.86347
2.9161,,2.44051
8.15071,7.94609,7.91249
0.61729,1.00026,-0.50406
0,0,0
7.1049,6.93523,7.20861
3.71128,3.52291,3.14294
1.21431,,1.21266
4.05191,3.70655,3.14664
12.96859,12.792,12.73078
2.639,2.17694,2.11202
,2.28252,1.66071
2.51014,2.10946,0.87695
4.1081,,4.16205
8.00464,7.48626,7.90259
0.20714,0.14033,0.37871
4.43528,4.12085,4.01185
,2.09778,
0.39745,,0.12212
1.86975,1.56634,1.62334
9.04392,8.67707,8.66455
8.89186,8.79513,8.72174
3.47034,3.08088,3.17813
6.10951,5.80928,5.77633
4.28559,3.82248,4.11269
11.96142,11.60684,11.39653
3.41351,3.42367,3.35683
9.16099,8.77659,8.86515
-0.16561,-0.03498,-0.00682
14.27707,13.88644,13.70192
0.77254,0.84249,0.51688
6.52628,6.13531,6.03683
9.41607,9.19459,8.94147
3.05172,2.49324,2.63885
11.36069,10.97717,10.74902
10.21006,9.83946,9.91466
11.40075,11.0678,11.01789
2.23151,2.60301,2.46279
15.35591,14.74406,15.06677
-0.04578,0.03541,0.03933
10.81322,10.74994,10.65411
5.03288,4.48786,4.54456
6.54908,6.56065,6.12565
6.76964,6.50402,6.49021
5.26219,4.87367,4.75751
8.01886,7.62979,7.83032
2.58758,,2.66354
8.5355,7.91451,8.00075
-1.62465,1.33957,1.17702
0,0,0
7.10858,7.02833,7.23597
4.25701,3.6352,3.15394
1.07484,,1.13192
4.07103,3.38795,3.68811
13.05631,12.82131,12.52358
1.99669,2.31201,1.98953
,2.26293,2.37673
1.52691,1.24095,1.66513
4.30662,,4.07384
8.17964,7.66749,7.92306
0.11015,0.2486,0.48587
4.69612,4.2659,4.26749
,0.8919,
0.37323,,-0.37685
0.75496,1.88777,1.60959
9.07134,8.69708,8.53588
8.93857,8.83944,8.5796
3.38695,3.09908,3.35652
6.1343,5.74641,6.10493
4.21408,3.74317,4.3843
11.94401,11.57871,11.71148
3.59302,3.42208,3.68714
9.21934,8.75477,9.14213
-0.11613,-0.01919,-0.12647
14.28137,13.925,14.12189
1.06742,0.50727,1.1031
6.62368,6.06214,6.43794
9.38177,9.18647,9.38971
2.92625,1.98693,3.06697
11.35268,10.92038,11.17634
10.17517,9.79312,10.07144
11.40949,10.99762,11.2855
1.96023,1.89437,2.40669
15.37706,14.65533,15.45757
-0.04563,-0.05753,-0.03993
10.74813,10.68545,11.01464
5.08246,4.38685,4.73088
6.40452,6.53773,6.35093
6.74805,6.36873,6.68377
5.347,4.94134,4.91682
7.94951,7.59378,8.06705
2.72532,,2.74361
8.40643,7.82687,8.12009
-0.0024,1.02571,-3.10343
0,0,0
7.20307,7.12533,7.39918
4.12629,3.89265,3.04752
1.51849,,1.34488
3.81461,3.8197,3.35297
13.04594,12.84783,12.98369
2.35279,2.14781,2.44958
,2.03382,2.23532
2.40485,1.64674,2.26948
4.24665,,4.24644
8.1994,7.58333,8.32977
0.44187,0.34312,0.44149
4.70948,4.26753,4.4998
,1.12217,
0.4405,,0.08714
1.84287,2.11781,2.53905
9.15513,8.75034,9.09379
8.94397,8.90773,9.11762
3.64167,2.84335,3.48592
6.4234,5.79924,6.15569
4.53603,3.18504,4.23455
11.8821,11.4151,11.30008
3.64979,3.3083,3.51268
9.46834,8.6537,8.78396
-0.21081,-0.05118,-0.02962
14.31154,13.69697,13.72663
1.15773,0.33735,1.71434
6.55459,5.9842,5.99727
9.61312,9.00424,8.94181
2.96039,2.31062,2.44415
11.26483,10.77588,10.84654
10.14156,9.73651,9.80439
11.42966,10.83555,10.88157
2.44264,1.88454,1.88233
15.18604,14.55891,14.88687
-0.10135,-0.08929,-0.12709
10.9211,10.60826,10.99192
5.02989,4.56231,4.41796
6.87212,6.4414,6.03182
6.8224,6.31818,6.32014
5.63449,4.95382,5.01988
8.11651,7.40304,7.69349
3.00222,,2.68928
8.36399,7.87008,7.91391
0.64027,-0.97758,-0.9886
0,0,0
7.25816,6.92222,7.07418
4.12433,3.5582,3.74933
1.33101,,0.62243
4.22744,3.22215,2.83592
13.09554,12.71974,12.69594
2.56439,2.10453,1.93592
,2.28394,2.03506
2.44822,1.66062,1.96989
3.78437,,3.64181
8.1757,7.55262,7.7778
0.51801,0.21152,0.34549
4.68672,4.18664,4.15657
,2.59508,
1.05947,,0.30488
2.20957,1.50669,0.84669
9.21066,8.59488,8.52918
8.99309,8.7977,8.77168
3.79888,3.15533,3.06321
6.38487,5.80946,5.7562
4.25576,3.61385,4.19601
11.98539,11.75145,11.43602
3.61553,3.55616,3.36933
9.32462,8.90536,8.76779
-0.03991,-0.02378,0.01995
14.22205,13.92219,13.72743
1.56012,0.74373,1.14787
6.42404,6.13251,6.05909
9.6371,9.21507,9.0241
2.85259,3.10612,2.69036
11.20808,11.0444,10.78662
10.12842,9.84195,9.86189
11.39486,11.11318,10.87933
1.7364,1.62526,2.0762
15.16745,14.86649,14.97559
0.01163,0.08809,0.03529
11.11484,10.66166,10.64666
4.98662,4.46023,4.68928
6.12139,6.54872,5.90733
6.66301,6.53703,6.33513
5.2135,5.13682,4.89665
8.105,7.67208,7.76636
2.92783,,2.50538
8.17771,8.0925,7.95823
0.45532,-0.26641,0.78482
0,0,0
7.04217,6.98252,7.04661
3.74002,3.37743,3.59221
1.22835,,0.84813
3.25914,3.24808,3.46881
13.16387,12.89923,12.67053
2.91645,2.00277,2.57893
,2.03464,2.0661
2.36101,2.48629,2.49303
4.10209,,4.00123
8.22086,7.67567,7.90451
0.55545,0.28681,0.50373
4.55197,4.35056,4.26558
,1.95566,
0.62473,,0.36626
1.79975,2.05852,1.80796
9.08231,8.82289,8.64757
9.18422,8.90198,8.8299
3.70024,3.03467,3.21323
6.2191,5.84652,5.89206
4.38402,4.00061,4.14902
11.99426,11.65297,11.47995
3.6868,3.5337,3.3169
9.3282,8.82902,8.80872
-0.08788,-0.04061,-0.06196
14.2822,13.91505,13.70223
-0.02459,-0.26534,1.75231
6.66525,6.14693,6.00337
9.59126,9.16454,9.13228
3.32091,2.77503,2.55413
11.31461,11.02048,10.76932
10.16794,9.88211,9.92993
11.45418,11.10741,10.97428
2.29028,2.63765,2.09264
15.28741,14.73,15.02722
0.05779,0.0172,0.01648
11.00294,10.60643,10.6488
5.18354,4.99218,4.34664
6.70331,6.66346,6.05353
6.79007,6.51963,6.44478
5.34172,4.89651,4.84026
8.06855,7.63021,7.81992
2.8769,,2.41552
8.34692,8.01856,7.846
0.90784,-0.11052,-0.59361
0,0,0
7.21232,7.09939,6.86741
4.06942,3.50394,3.20215
1.39131,,1.23439
4.10629,3.72726,3.01087
13.09001,12.81013,12.58615
2.79416,1.99946,1.883
,2.37528,1.46717
1.56339,1.77612,2.28236
4.1361,,3.88638
8.04044,7.55639,7.87048
0.44457,0.11836,0.39654
4.55235,4.17125,4.21891
,2.7328,
0.492,,-0.50967
1.87711,1.89537,1.24755
8.93277,8.63767,8.52087
8.94368,8.75897,8.46546
3.80996,3.09247,3.22143
6.54794,5.94374,5.56166
4.15079,3.55216,3.969
12.13541,11.74468,11.42535
3.90673,3.48469,3.44387
9.59607,8.72422,8.70961
-0.03862,0.08935,0.08009
14.38284,13.87782,13.73179
1.60981,0.63351,1.46977
6.60656,6.13596,5.79037
9.69912,9.10929,8.9152
2.69391,2.96442,2.54912
11.39941,11.00277,10.80072
10.18255,9.90058,9.85863
11.52085,11.07493,10.83966
2.20635,2.01007,2.18808
15.2755,14.76841,14.81125
0.10052,0.00737,0.07114
11.06285,10.6809,10.82552
5.07703,4.44378,4.79003
6.72481,6.44681,6.07632
6.84819,6.48409,6.35762
5.75508,4.5893,4.83621
8.21338,7.587,7.72995
3.02364,,2.87397
8.37203,7.99041,7.82502
-0.91822,0.19316,-0.84171
0,0,0
7.27639,7.079,6.98372
4.00642,3.77435,3.35546
1.01321,,1.40435
3.52213,2.63814,3.36734
13.14272,12.80841,12.60182
2.62697,2.1917,2.4818
,1.89131,1.87684
2.98717,2.52841,1.46229
4.27593,,3.52423
8.15835,7.54752,7.86121
0.74392,-0.11305,0.3803
4.62134,4.13532,4.01355
,1.97445,
0.60006,,0.10228
1.16757,1.45753,0.83475
9.04472,8.61054,8.4403
8.93574,8.69873,8.49282
3.80349,3.11713,3.75818
6.18479,5.84212,6.40434
4.29177,4.25556,4.32547
12.10461,11.60312,11.97164
3.79615,3.33824,3.80477
9.27412,8.73271,9.40983
-0.14199,0.07914,-0.00974
14.16349,13.70454,14.2567
1.42431,1.40679,0.89261
6.54196,5.86145,6.4701
9.60783,9.05873,9.52974
3.03138,2.37305,3.04712
11.18462,10.76219,11.24062
10.11293,9.79841,10.07983
11.36108,10.90475,11.35138
1.87609,1.15553,2.61863
15.0542,14.49044,15.51605
-0.06839,0.1072,0.04597
10.84773,10.61313,10.87853
4.88179,4.55136,4.86461
6.72924,6.28366,6.50914
6.69028,6.38524,6.68998
5.25184,4.65998,5.13947
7.97794,7.50149,8.19103
2.68053,,2.83712
8.16573,7.80398,8.21503
1.11236,-3.32866,1.11495
0,0,0
7.15204,6.9677,7.25626
3.96767,3.27355,3.50432
1.5022,,1.13835
3.49294,3.3766,3.23246
12.9509,12.76126,13.05056
2.88346,2.13731,2.23287
,2.70696,2.09228
3.01901,2.07013,2.40573
4.17081,,4.20326
7.95562,7.38354,8.32518
0.65134,0.22574,0.58835
4.46728,3.99655,4.35519
,2.64867,
0.17432,,0.26429
1.38944,2.40305,1.18825
8.87245,8.46726,9.08265
8.84176,8.50838,8.98981
3.65512,2.97635,3.86382
6.06171,5.6121,6.4546
4.00541,3.69508,4.46315
11.85729,11.49519,11.71775
3.63802,3.24327,3.84251
9.25159,8.66029,9.32464
-0.03816,0.03081,0.04355
14.29568,13.88335,14.15226
1.48897,0.56928,0.95895
6.50608,6.11055,6.50753
9.52698,9.05784,9.45771
2.7515,2.35472,3.02269
11.16745,10.89214,11.07875
10.09253,9.77752,10.03995
11.28939,10.92789,11.18213
2.46937,1.692,2.67402
15.09034,14.7047,15.32564
-0.00609,0.05642,0.13092
10.94219,10.69076,11.03778
5.04417,4.39807,4.56745
6.28861,6.31522,6.21005
6.59318,6.39716,6.56413
5.22129,4.91695,5.32695
8.07053,7.58949,8.20857
2.86891,,2.61529
8.13293,7.97897,8.29205
0.24719,1.50014,0.324
0,0,0
6.94708,6.9664,7.21944
3.65425,3.57629,3.28953
1.44339,,1.8086
3.77186,3.57442,3.53799
12.96009,12.80218,12.91569
2.52661,2.02629,2.5222
,2.03091,2.53882
2.18637,2.14923,2.11824
4.22576,,4.1374
7.9686,7.56639,8.30266
0.58785,-0.11846,0.64521
4.47373,4.14111,4.39412
,1.54507,
0.78244,,0.29161
1.72472,1.1604,1.86743
9.04441,8.62584,9.05112
8.86619,8.83863,9.21751
3.58794,3.03706,3.66394
6.23922,5.64974,6.16377
4.25028,3.46849,4.42706
11.8343,11.49501,11.68703
3.62096,3.31557,3.75295
9.14862,8.63791,9.22263
-0.13395,-0.07324,-0.12518
14.16892,13.84167,14.15413
1.50192,0.71055,0.81486
6.51772,6.1441,6.49024
9.52438,9.06628,9.53382
2.50294,2.67504,3.17051
11.19382,10.88283,11.14988
10.12936,9.79118,10.12657
11.36517,10.93027,11.29294
2.27646,2.10012,2.62652
15.1598,14.76924,15.47557
0.07404,0.07755,0.1088
10.98322,10.65606,10.99679
5.00783,4.31624,4.62289
6.51376,6.43488,6.15628
6.7474,6.4345,6.65925
5.34805,4.68553,5.01898
8.02832,7.62503,8.27712
2.88611,,2.78761
8.17587,7.93423,8.26291
-0.32323,-0.96456,1.23626
0,0,0
7.07483,6.9229,7.21403
3.85704,3.82601,3.7319
1.32055,,1.3652
4.01981,3.25388,3.72097
12.97155,12.72661,12.90441
2.73242,1.85799,2.21231
,1.5758,2.55314
2.59608,2.31691,2.08021
4.05938,,3.80439
8.21256,7.49714,8.32639
0.33413,-0.0246,0.38183
4.46293,4.19035,4.5427
,1.46284,
0.34013,,0.20439
1.8239,1.45939,1.76795
9.085,8.66141,9.08273
8.9973,8.78303,9.18745
3.38964,2.86742,3.52058
5.97459,5.69423,6.12412
4.03993,3.64755,4.10983
11.70857,11.3343,11.70011
3.53859,3.34263,3.59222
8.88029,8.44214,9.34929
-0.12765,-0.0751,-0.20773
14.02877,13.64309,14.11116
2.18954,0.35668,1.42673
6.43509,5.94803,6.45056
9.20068,8.89881,9.59018
2.79598,2.26755,2.8936
11.13702,10.69103,11.20354
10.09089,9.6767,10.09401
11.17621,10.74539,11.30885
2.05641,2.07604,1.60704
15.18033,14.51097,15.50502
-0.02022,-0.01229,0.05642
10.62439,10.46367,11.00495
4.41608,4.53233,4.90237
6.09041,6.2359,6.03777
6.55886,6.22182,6.67547
4.83304,4.69272,5.23629
7.76445,7.40121,8.30949
2.78587,,2.77323
8.09608,7.74251,8.24889
1.24646,-0.526,-0.21973
0,0,0
7.00605,6.79368,7.24771
4.2618,3.49517,3.85682
0.65001,,1.08954
3.62232,2.95803,3.26558
12.83054,12.56998,12.98159
2.10255,1.93922,2.26894
,1.60294,1.89126
1.82222,2.08216,1.37286
4.2388,,3.8546
7.97037,7.35642,8.3599
0.49215,0.28065,0.48918
4.5146,4.0063,4.54814
,3.60917,
0.46995,,0.27954
1.03543,1.36135,1.45843
8.98325,8.47589,9.22686
8.82314,8.75848,9.26069
3.41718,2.95539,3.78071
6.14197,5.58424,6.36686
4.56642,3.49952,4.28534
11.83272,11.40733,11.70744
3.76687,3.24163,3.75371
9.12151,8.55105,9.36308
-0.12742,-0.10575,-0.10763
14.13248,13.68669,14.0882
1.56403,1.02182,1.77604
6.43996,5.86236,6.52504
9.31534,9.00941,9.54492
2.76932,2.57677,2.99324
11.16807,10.70644,11.1653
10.11437,9.63551,10.06286
11.24987,10.68885,11.2927
1.86205,2.10887,2.33713
15.23455,14.5501,15.43836
-0.04271,-0.011,0.03952
10.71059,10.58371,11.02614
5.06563,4.20772,5.07994
6.42033,6.10405,6.14445
6.71315,6.27515,6.58863
4.95205,4.81026,5.38725
7.89849,7.45247,8.27594
2.85048,,2.94475
8.24498,7.81864,8.2844
0.93969,0.7722,1.07079
0,0,0
7.05537,6.88985,7.33914
3.82189,3.77044,3.52168
1.65362,,1.49691
3.58294,3.27607,3.7524
12.89673,12.65478,12.97049
2.47553,2.1334,2.45916
,2.23009,2.23437
2.16444,1.50029,1.28559
3.83447,,4.00858
8.07551,7.39971,8.44747
0.66,0.1326,0.61285
4.56904,4.21325,4.57935
,0.56199,
0.28952,,0.36097
2.27399,1.79362,2.05996
9.12815,8.64443,9.20254
8.9235,8.85914,9.27096
3.52465,3.11735,3.67921
6.07127,5.82427,6.34721
4.22409,3.58268,4.32491
11.79042,11.58764,11.82424
3.74057,3.38937,3.76743
9.20995,8.77587,9.47338
-0.12656,-0.05666,-0.14073
14.18262,13.83994,14.2678
2.05847,0.86109,1.6386
6.4333,6.17916,6.48117
9.53399,9.12107,9.7181
3.02105,2.369,2.93788
11.14968,10.92424,11.29291
10.11174,9.84346,10.06369
11.32073,10.90935,11.38736
2.02183,2.0378,2.67649
15.11611,14.73037,15.5909
0.06637,0.06925,0.13621
10.88098,10.69867,11.12149
4.81603,4.06268,5.0042
6.52329,6.3562,6.12738
6.7078,6.42021,6.72109
5.19698,4.86534,5.20376
7.97532,7.6241,8.45416
2.92848,,2.84426
8.11502,7.99141,8.3835
-0.1467,-0.17142,-0.4863
0,0,0
7.21426,7.03189,7.2327
3.69658,3.62782,3.68301
1.23819,,1.4727
4.01731,3.02373,3.85732
12.90972,12.81002,13.05608
2.45296,1.97008,2.36975
,1.73424,2.59321
0.70962,1.95787,2.02859
4.11383,,4.02586
7.97988,7.49309,8.50522
0.32844,-0.03534,0.42262
4.41424,4.17523,4.49189
,1.74197,
0.74552,,0.39682
1.86898,2.07758,1.10802
9.00802,8.69986,9.26287
8.97835,8.86204,9.34716
3.68034,3.21648,3.58393
6.25623,5.95157,6.13719
4.35335,3.75037,4.39703
11.84389,11.60515,11.8389
3.56654,3.41911,3.72285
9.23773,8.72426,9.3574
-0.14438,-0.04208,-0.17129
14.24266,13.88835,14.18438
2.03852,1.6098,1.12886
6.40645,6.20316,6.6446
9.58152,9.20925,9.54739
3.10367,2.24043,2.97168
11.20088,10.99941,11.31932
10.11365,9.87133,10.18118
11.35752,11.03752,11.43182
2.58393,2.10037,2.23825
15.18494,14.82696,15.67171
0.03164,0.11809,0.04755
10.95192,10.68079,11.02479
4.69099,4.81724,5.02276
6.57722,6.41156,6.24426
6.7884,6.51187,6.70779
5.16794,5.04691,5.1471
8.1176,7.66724,8.31594
2.80729,,2.84969
8.1311,7.93158,8.33508
0.07329,-0.27623,-0.61343
0,0,0
7.06531,6.98113,7.32414
3.77822,3.92752,3.91349
1.20364,,1.21042
4.25547,3.47947,3.16624
12.94564,12.81232,13.06327
2.7046,2.14898,2.62233
,2.19683,1.92148
1.50667,1.54646,1.33489
4.19974,,4.22633
8.02971,7.60357,8.44151
0.44987,0.17663,-0.03802
4.49687,4.15467,4.51877
,2.24869,
0.24563,,0.13859
2.18698,1.5402,1.91641
8.92322,8.63867,9.14586
8.90411,8.74986,9.23203
3.78619,2.99682,3.79143
6.35491,5.77355,6.31091
4.50694,3.62829,4.17949
12.16752,11.63127,11.9592
3.82529,3.57453,3.96243
9.38982,8.71749,9.55983
-0.03217,0.06692,-0.12707
14.27184,13.83839,14.337
1.12897,1.54945,1.64128
6.63145,6.18383,6.64417
9.6362,9.06939,9.60812
3.30575,2.84713,3.0031
11.32431,10.89969,11.33688
10.25303,9.86565,10.10855
11.43151,10.97384,11.43286
2.35673,1.63478,2.3523
15.21178,14.71917,15.71701
0.08367,0.08881,0.01607
11.02471,10.63555,11.05159
4.86644,4.52193,5.36037
6.58021,6.3794,6.3071
6.77712,6.41167,6.76346
5.44305,4.88682,5.20692
8.18994,7.55517,8.35962
3.00296,,2.98142
8.27442,7.93364,8.47648
0.50859,-0.01907,1.10467
0,0,0
7.10628,7.01427,7.23838
4.02783,3.20524,3.99703
1.1432,,1.77909
3.64944,3.04341,3.64382
13.11084,12.73059,13.08071
2.05319,2.18253,2.27695
,2.06185,0.96646
2.31818,2.22444,2.74459
4.38766,,4.21497
8.11629,7.58579,8.55196
0.62925,0.17629,0.35597
4.55435,4.16927,4.5909
,1.72038,
0.41044,,0.28547
1.72806,1.73594,1.61793
8.95631,8.56362,9.17428
8.96824,8.63503,9.26207
4.04313,3.27421,3.58276
6.80812,5.87972,6.22
4.63312,4.05302,4.49665
12.41587,11.67911,11.90834
4.03218,3.61651,3.70218
9.95915,8.85887,9.31984
-0.07203,0.01853,-0.08153
14.60988,13.92238,14.15448
1.48432,0.73322,1.41973
6.86214,6.22693,6.53335
9.92212,9.24213,9.51967
3.0819,2.84055,3.02685
11.5581,10.91554,11.23029
10.26374,9.78829,10.11294
11.73667,10.97666,11.34023
2.2566,1.93896,1.86649
15.41769,14.61827,15.55335
0.09618,0.0569,0.01435
11.21204,10.73386,10.98904
5.28095,4.36604,4.84459
7.13371,6.3986,6.09316
7.01614,6.38947,6.60721
5.60371,4.80767,5.14503
8.36748,7.64643,8.24401
3.08985,,2.68148
8.58323,7.93227,8.1822
0.38176,0.93823,1.43944
0,0,0
7.34537,6.99333,7.35422
4.57678,3.54818,3.64269
1.42235,,1.39689
4.33179,3.42712,3.30092
13.44926,12.8989,12.98215
2.44403,2.50079,2.35454
,1.27286,2.87679
1.33761,1.52127,3.12718
4.47863,,3.95648
8.30985,7.52353,8.3847
0.55172,0.15205,0.33155
4.75065,4.11775,4.32604
,2.39623,
0.97863,,0.12057
1.52521,1.52533,1.47794
9.23999,8.64532,9.07202
9.2505,8.73802,9.14805
7.69468,7.63816,8.09107
7.56189,7.42717,7.83263
6.59667,8.13755,8.45427
8.73572,8.63152,8.84467
8.85184,9.57879,9.85942
8.72463,8.66025,9.04336
-0.03644,0.0605,0.04612
11.40494,11.21703,11.39251
6.71155,7.56548,7.74993
7.20192,7.90246,8.08286
8.91995,8.73336,9.01379
7.72834,7.62706,7.79556
8.94383,8.85188,8.86111
7.94226,7.83526,7.9304
8.28808,8.49016,8.55982
8.10362,8.9509,9.19652
10.95514,11.15102,11.17309
0.09008,-0.00728,0.02562
8.3512,8.04746,8.31275
7.16144,9.06202,9.26226
8.00162,7.92649,8.30542
6.58628,6.65789,6.75842
6.66099,6.98082,7.33334
7.31846,7.17586,7.70017
7.71487,,7.79485
6.48492,7.2832,6.99222
8.16046,8.36977,8.48554
0,0,0
9.55712,9.64493,9.68747
9.47118,9.44329,9.53997
8.7034,,8.98368
6.37418,6.22724,6.47774
9.16263,8.99364,9.24386
7.64719,8.44473,8.45904
,12.27601,12.5848
10.59519,10.68065,10.85736
9.56459,,9.91591
7.11603,7.26898,7.56726
8.39365,8.29624,8.4872
4.94586,5.30537,5.32857
,13.57338,
3.84398,,3.97764
8.08205,7.91333,8.15711
9.13117,8.88241,9.11941
8.44076,8.61101,8.67934
7.87153,7.6203,7.77421
7.48674,7.4089,7.55153
8.19037,8.08439,8.2006
8.85094,8.70314,8.68054
9.62879,9.60306,9.64302
8.81727,8.73618,8.7338
-0.03753,-0.11472,-0.07579
11.39349,11.1622,11.22523
7.56346,7.50269,7.48871
7.97411,7.94985,7.85423
8.96697,8.80984,8.81903
7.69683,7.62172,7.75628
8.93481,8.83915,8.81789
7.94053,7.829,7.85917
8.56951,8.48393,8.51014
9.14366,8.99823,9.05219
11.30713,11.18364,11.11945
0.02747,-0.01944,0.01186
8.30294,8.22218,8.2066
9.06087,9.13863,9.18147
8.03838,8.08229,8.19315
6.62357,6.7593,6.74789
7.20613,7.18805,6.92938
7.3537,7.28013,7.46737
7.70134,,7.71521
7.12522,7.13092,7.16938
8.428,8.4072,8.54371
0,0,0
9.50806,9.6636,9.5932
9.46787,9.54784,9.44231
8.97155,,8.93106
6.47527,6.39613,6.39053
9.23764,9.08327,8.96104
8.39842,8.43173,8.29847
,12.32985,12.44697
10.7388,10.68939,10.76385
9.93685,,9.80869
7.32288,7.39568,7.37561
8.35567,8.27079,8.46787
5.31052,5.28933,5.19597
,13.65037,
3.99229,,3.8767
8.0522,7.90454,7.96483
9.03765,8.89964,9.25202
8.58059,8.61277,8.46583
7.74458,7.68136,7.75611
7.54595,7.45154,7.50022
8.24829,8.09647,8.22678
8.80211,8.59908,8.61709
9.65488,9.5643,9.60786
8.80932,8.62191,8.67835
-0.17188,-0.07678,-0.05245
11.31545,11.21146,11.22381
7.58882,7.4753,7.58513
7.88704,7.89937,7.9105
8.99214,8.8213,8.86731
7.73955,7.58432,7.70022
8.97184,8.85166,8.86017
7.9073,7.79826,7.89859
8.51937,8.38835,8.43731
9.12295,8.96938,9.13122
11.23637,11.17263,11.16112
-0.04284,-0.0129,0.04702
8.35168,8.09486,8.15753
9.10168,9.06309,9.16778
8.03632,7.94027,8.11437
6.58748,6.66328,6.75089
7.05562,6.90866,7.10179
7.39833,7.12193,7.41597
7.65877,,7.69183
6.87333,7.28366,7.10543
8.39519,8.31259,8.55654
0,0,0
9.52858,9.68375,9.63891
9.57033,9.41161,9.50977
8.99404,,9.04401
6.57774,6.30835,6.37954
9.14071,9.00116,9.10422
8.42703,8.35022,8.31916
,12.31307,12.5368
10.7564,10.68763,10.79176
9.88816,,9.94978
7.29016,7.21141,7.5021
8.33052,8.19448,8.42029
5.40834,5.31653,5.27045
,13.58522,
4.05702,,3.85668
8.03702,7.90528,8.10484
9.00723,8.88906,9.04016
8.59686,8.66196,8.71965
-1.14673,-1.82648,-1.45872
0.09815,0.27826,0.62986
-0.15643,0.79448,0.59961
-0.72037,0.26347,-0.32342
-1.20283,-1.18473,-0.57294
-0.22217,1.02938,0.43996
-0.09161,-0.0615,-0.08697
0.98242,1.71617,1.39015
1.68098,0.81254,1.19653
0.02794,0.94103,0.38449
-0.43217,-1.26408,-0.258
0.897,0.3799,-0.19988
0.19407,0.9213,0.06238
-0.36751,-0.35332,-0.73177
-0.58146,0.34539,-0.10533
-0.05002,0.95192,0.5764
1.90899,2.84729,2.7204
-0.01033,-0.02972,-0.00478
-0.22845,0.93143,0.6357
0.33404,1.58151,1.03527
0.40565,1.2541,0.88644
0.78219,0.81937,0.77166
0.21013,1.16478,0.79116
0.1338,-0.99947,0.40469
-1.35882,,-1.16318
0.34335,1.22572,1.10788
-0.00336,1.33221,0.83581
0,0,0
0.73526,1.64772,1.09117
0.2518,1.0356,0.51548
0.69456,,0.89737
0.96134,1.42087,1.05733
1.6879,2.08145,1.90018
0.69082,0.96166,-0.12303
,1.66942,1.10662
0.39892,1.26655,0.94448
0.10636,,0.71045
0.92389,0.58655,0.94356
-0.1192,-0.45006,-0.19334
-0.82237,-0.70869,-0.59697
,2.00871,
-0.0099,,-0.42242
0.90633,0.74182,0.05579
0.66144,0.01653,0.49392
0.23127,1.40304,1.02299
-1.60976,-1.62395,-1.25596
-0.75913,0.51245,-0.44773
0.35546,0.67956,0.49873
0.17948,0.14855,0.27308
-0.69919,-1.15572,-1.08499
-0.1948,0.91446,-0.06408
-0.03771,0.01955,-0.11693
0.93233,1.60125,0.88611
0.91073,0.69762,0.72918
1.02989,0.82611,-0.05373
-0.46214,-0.81522,-1.06614
-0.6487,0.71555,0.87286
-0.08263,0.52168,0.68462
-0.53414,-0.64418,-0.40321
-0.55409,0.23047,-0.60937
-0.02264,0.837,0.07236
1.93636,2.73237,2.21636
0.05975,0.05693,0.09762
-0.20108,0.81651,0.13166
0.36141,1.46659,0.53123
0.43302,1.13919,0.3824
0.93929,0.61644,0.63295
0.2375,1.04987,0.28712
-1.04413,-1.02962,0.11426
-1.16113,,-2.52005
0.71621,1.11081,0.32637
0.02401,1.21729,0.33177
0,0,0
0.56174,1.5328,0.77766
0.00928,0.92068,0.01144
0.04841,,0.83623
0.98872,1.30595,0.65814
0.92438,1.96654,0.94527
-0.22296,0.28498,0.4078
,1.16183,0.84714
0.42629,1.15163,0.44044
0.13373,,0.20641
0.32283,0.23559,0.41658
-0.33265,-0.43078,-0.34274
-0.59116,-1.24802,-0.99481
,1.8938,
-0.71397,,-0.50109
-0.16106,0.61775,0.02756
0.23048,-0.06894,0.48734
0.25865,1.28812,0.51895
5.69559,5.41196,5.6717
8.29882,7.92459,8.41976
8.75681,8.58814,8.83844
9.29166,9.20326,9.34442
7.09344,6.96082,7.17697
9.43889,9.16934,9.32785
-0.12427,-0.07944,-0.03919
9.24003,9.04643,9.06662
8.12424,7.9144,8.16999
8.56746,8.35676,8.56746
6.68164,6.44592,6.5836
8.33947,8.1745,8.31821
6.83384,6.60357,6.84761
5.8412,5.68356,5.8412
9.04274,8.99556,9.11827
9.33963,9.13236,9.33963
8.98756,8.86974,9.09194
0.03114,0,-0.00358
6.15695,5.96385,6.18475
6.39885,6.03496,6.44288
6.053,5.78473,6.02569
4.46312,4.40923,4.46312
7.49228,7.27105,7.54097
5.28269,5.09712,5.28269
8.514,,8.514
7.63618,7.63618,7.63618
6.21591,6.06079,6.24627
0,0,0
7.54165,7.54525,7.54525
10.05351,9.95763,10.05351
9.48378,,9.5083
4.34641,4.40647,4.43387
9.75193,9.48682,9.63963
8.5712,8.37105,8.47051
,8.53175,8.74205
11.26815,11.054,11.33308
10.3346,,10.3346
8.01692,7.67394,7.97568
6.31588,6.12437,6.36882
5.87273,5.73589,5.8751
,9.71944,
4.393,,4.35953
8.45728,8.21033,8.4356
6.87222,6.69814,6.85854
6.26468,6.12593,6.39429
5.74309,5.74309,5.81845
8.41976,8.41976,8.4604
8.83844,8.83844,8.8412
9.42129,9.42129,9.44304
7.2193,7.2793,7.22495
9.49089,9.49089,9.49756
0,0,0.05412
9.17786,9.24003,9.29557
8.1728,8.1728,8.33137
8.53411,8.56746,8.63187
6.67564,6.68164,6.68195
8.36061,8.40521,8.39001
6.73314,6.83384,6.83384
5.79297,5.8412,5.88333
9.13934,9.13934,9.14788
9.31798,9.33963,9.41777
9.08724,9.08724,9.08724
0,0.02529,0.08895
6.18475,6.18475,6.29621
6.44288,6.44288,6.59085
6.00021,6.053,6.0644
4.415,4.54767,4.56452
7.52187,7.52187,7.42008
5.26826,5.28469,5.32318
8.4484,,8.65355
7.46579,7.56977,7.85115
6.24627,6.24627,6.6321
0,0,0
7.54525,7.54279,7.4895
9.95628,10.05351,10.19716
9.52206,,9.52472
4.26655,4.34641,4.34641
9.70277,9.75193,9.78552
8.53069,8.5712,8.57509
,8.81749,8.94268
11.33308,11.33308,11.40076
10.2589,,10.3788
7.91249,8.01692,8.01867
6.38938,6.38938,6.47385
5.78659,5.87273,5.87273
,10.20167,
4.42893,,4.42893
8.45113,8.45728,8.54718
6.87953,6.87953,7.0405
6.39429,6.39429,6.62073
6.00566,5.82605,5.74309
8.60337,8.44878,8.3677
9.13717,9.19473,8.83304
9.56134,9.50028,9.42129
7.24401,7.2193,7.2193
9.79158,9.63757,9.49089
0.01342,0.0668,0
9.51133,9.31479,9.24003
8.41737,8.30651,8.1728
8.81042,8.63345,8.4205
6.86024,6.71014,6.68164
8.51927,8.36061,8.36061
7.06602,6.84547,6.81944
5.936,5.88328,5.8113
9.28015,9.34253,9.13934
9.45767,9.39695,9.32852
9.3018,9.1954,9.00024
-0.0549,-0.00595,0
6.47117,6.22435,6.13257
6.73782,6.60813,6.34968
6.20459,6.14662,6.053
4.70533,4.46312,4.45281
7.67242,7.55496,7.52187
5.5296,5.28269,5.26408
8.61152,,8.51358
7.65732,7.90833,7.60976
6.27508,6.40729,6.22142
0,0,0
7.70032,7.69084,7.55704
10.15561,10.22252,10.05237
9.60578,,9.52206
4.47377,4.0486,4.31639
10.04068,9.81047,9.75193
8.80369,8.64432,8.5712
,8.94812,8.81749
11.55552,11.38751,11.30148
10.62983,,10.30022
8.16944,8.03389,8.01692
6.57459,6.43876,6.38938
6.20091,5.89236,5.8209
,10.13302,
4.75223,,4.45525
8.52905,8.69643,8.45728
7.09182,7.10927,6.87953
6.70666,6.54975,6.31791
