RIC_Olink_1,RIC_Olink_2,RIC_Olink_3,Mean value,CV%
-0.03892,-0.06236,0.10213,0.000283333,31403.67%
-0.07466,0.03027,0.04216,0.000743333,8648.77%
-0.02216,0.05305,-0.03622,0.001776667,2701.63%
-0.04284,-0.0129,0.04702,0.002906667,1574.17%
-0.04271,-0.011,0.03952,0.00473,876.79%
-0.03117,0.02662,-0.01432,0.00629,472.50%
-0.02475,-0.02051,0.06477,0.006503333,776.60%
0.02747,-0.01944,0.01186,0.00663,360.31%
-0.02022,-0.01229,0.05642,0.00797,528.81%
0.03114,0,-0.00358,0.009186667,207.87%
-0.04578,0.03541,0.03933,0.009653333,497.72%
-0.03816,0.03081,0.04355,0.012066667,364.32%
-0.02348,-0.03218,0.09413,0.012823333,550.15%
-0.09167,0.05564,0.07543,0.013133333,695.18%
-0.03991,-0.02378,0.01995,0.01458,212.43%
-0.01033,-0.02972,-0.00478,0.014943333,87.63%
-0.1027,-0.00694,0.06408,0.015186667,551.11%
-0.03668,0.01794,0.06505,0.015436667,329.81%
-0.03471,-0.04977,0.13157,0.015696667,641.10%
-0.12571,0.04475,0.03015,0.016936667,557.86%
-0.32323,-0.96456,1.23626,0.017176667,6589.64%
-0.03972,-0.01546,0.00199,0.01773,118.15%
0,0,0.05412,0.01804,173.21%
-0.00078,0.04321,0.01692,0.019783333,111.88%
-0.0549,-0.00595,0,0.020283333,148.53%
-0.05027,0.03645,0.08006,0.02208,300.46%
-0.09938,0.04106,-0.00856,0.022293333,319.47%
-0.03644,0.0605,0.04612,0.023393333,223.63%
-0.14199,0.07914,-0.00974,0.024196667,459.86%
0.52783,-0.90958,0.45549,0.02458,3294.61%
-0.03618,-0.01286,-0.02525,0.024763333,47.12%
-0.08489,0.00491,0.00487,0.025036667,207.03%
-0.16791,-0.01366,0.10221,0.026453333,512.27%
0.01342,0.0668,0,0.02674,132.15%
-0.08385,-0.01535,0.01696,0.027413333,187.78%
-0.06839,0.1072,0.04597,0.02826,315.37%
-0.0383,-0.03046,-0.0225,0.03042,25.97%
0.05779,0.0172,0.01648,0.03049,77.55%
-0.03217,0.06692,-0.12707,0.030773333,315.22%
-0.17047,-0.00533,0.07272,0.03436,361.37%
0.09008,-0.00728,0.02562,0.03614,137.04%
0,0.02529,0.08895,0.03808,120.36%
-0.14102,0.01398,-0.00087,0.042636667,200.59%
-0.13122,-0.02466,0.02671,0.043056667,187.09%
-0.03862,0.08935,0.08009,0.043606667,163.65%
0.01163,0.08809,0.03529,0.045003333,86.98%
-0.07203,0.01853,-0.08153,0.04501,122.71%
-0.03771,0.01955,-0.11693,0.04503,152.20%
-0.04563,-0.05753,-0.03993,0.047696667,18.83%
-0.3163,0.35841,0.1037,0.048603333,701.01%
-0.08257,-0.0332,-0.03784,0.051203333,53.25%
-0.02723,-0.01478,-0.11258,0.05153,103.31%
-0.09118,-0.0394,-0.03044,0.053673333,61.09%
0.09618,0.0569,0.01435,0.05581,73.33%
-0.09903,-0.00238,-0.06819,0.056533333,87.33%
-0.06601,-0.08999,-0.01556,0.057186667,66.43%
-0.12887,0.05189,-0.09725,0.058076667,166.22%
-0.16282,-0.05297,0.03858,0.05907,170.71%
0.10052,0.00737,0.07114,0.059676667,79.80%
-0.141,-0.07017,0.03117,0.06,144.22%
-0.00609,0.05642,0.13092,0.060416667,113.53%
-0.13549,-0.05786,0.00798,0.06179,116.23%
0.08367,0.08881,0.01607,0.06285,64.59%
-0.08788,-0.04061,-0.06196,0.063483333,37.29%
-0.15478,-0.09147,0.05395,0.0641,166.96%
-0.12825,0.05224,-0.11788,0.06463,156.81%
0.03164,0.11809,0.04755,0.06576,69.97%
-0.07442,-0.02592,-0.10307,0.067803333,57.52%
0.90784,-0.11052,-0.59361,0.067903333,1128.75%
-0.16561,-0.03498,-0.00682,0.069136667,122.55%
-0.16123,0.02368,-0.07209,0.06988,132.33%
0.05975,0.05693,0.09762,0.071433333,31.81%
-0.03753,-0.11472,-0.07579,0.076013333,50.77%
-0.09161,-0.0615,-0.08697,0.080026667,20.26%
-0.12427,-0.07944,-0.03919,0.080966667,52.57%
0.07404,0.07755,0.1088,0.086796667,22.05%
-0.11613,-0.01919,-0.12647,0.087263333,67.82%
0.06637,0.06925,0.13621,0.09061,43.61%
-0.21081,-0.05118,-0.02962,0.097203333,101.82%
-0.17188,-0.07678,-0.05245,0.10037,62.88%
-0.10135,-0.08929,-0.12709,0.10591,18.23%
-0.12656,-0.05666,-0.14073,0.107983333,41.68%
-0.13449,-0.10395,-0.09095,0.109796667,20.36%
-0.13395,-0.07324,-0.12518,0.11079,29.62%
-0.10129,-0.07327,-0.1631,0.112553333,40.84%
-0.12742,-0.10575,-0.10763,0.1136,10.57%
-0.58146,0.34539,-0.10533,0.1138,407.28%
0.8287,-0.24246,-0.24456,0.113893333,543.53%
-0.24299,-0.0863,-0.02177,0.11702,97.22%
-0.14438,-0.04208,-0.17129,0.11925,57.17%
0.50955,0.35602,-1.26644,0.133623333,736.43%
-0.12765,-0.0751,-0.20773,0.136826667,48.81%
-0.21739,-0.05093,-0.14429,0.137536667,60.66%
-0.52255,1.37039,-0.39939,0.149483333,708.53%
0.1338,-0.99947,0.40469,0.15366,484.78%
1.21345,-2.29517,0.61952,0.154066667,1218.87%
-0.22296,0.28498,0.4078,0.156606667,213.53%
0.36678,0.18072,-0.06965,0.159283333,137.49%
-0.16106,0.61775,0.02756,0.161416667,251.70%
1.24646,-0.526,-0.21973,0.16691,567.60%
0.3457,0.27187,-0.08485,0.177573333,129.66%
0.12002,1.01739,-0.59395,0.181153333,445.70%
-0.22851,0.16401,0.64837,0.194623333,225.69%
0.44987,0.17663,-0.03802,0.19616,124.66%
0.17948,0.14855,0.27308,0.20037,32.36%
-0.46311,0.093,-0.23964,0.20325,137.68%
0.23048,-0.06894,0.48734,0.216293333,128.72%
-0.1948,0.91446,-0.06408,0.218526667,277.42%
0.30663,0.02537,0.33551,0.222503333,77.00%
0.33413,-0.0246,0.38183,0.230453333,96.40%
-0.75913,0.51245,-0.44773,0.23147,286.34%
0.32844,-0.03534,0.42262,0.238573333,101.37%
0.20714,0.14033,0.37871,0.24206,50.80%
0.0699,0.25129,0.40879,0.243326667,69.69%
0.24135,0.35413,0.13982,0.2451,43.74%
0.14142,0.09899,0.50061,0.247006667,89.33%
-0.20108,0.81651,0.13166,0.24903,208.35%
-0.1192,-0.45006,-0.19334,0.2542,68.30%
-0.72037,0.26347,-0.32342,0.260106667,190.29%
-0.1467,-0.17142,-0.4863,0.26814,70.61%
0.07329,-0.27623,-0.61343,0.272123333,126.18%
0.11015,0.2486,0.48587,0.28154,67.49%
0.35427,0.20316,0.29444,0.283956667,26.80%
-0.02264,0.837,0.07236,0.295573333,159.45%
-1.62465,1.33957,1.17702,0.297313333,560.50%
-0.55409,0.23047,-0.60937,0.310996667,151.04%
-0.6487,0.71555,0.87286,0.313236667,267.14%
0.00928,0.92068,0.01144,0.3138,167.49%
0.44457,0.11836,0.39654,0.319823333,55.07%
0.45532,-0.26641,0.78482,0.324576667,165.65%
0.32283,0.23559,0.41658,0.325,27.85%
0.09815,0.27826,0.62986,0.335423333,80.62%
0.74392,-0.11305,0.3803,0.337056667,127.61%
0.55172,0.15205,0.33155,0.345106667,58.01%
0.28276,0.31749,0.46429,0.354846667,27.15%
0.60521,-0.03858,0.49801,0.35488,97.20%
0.44156,0.3108,0.3132,0.355186667,21.06%
0.51801,0.21152,0.34549,0.35834,42.88%
0.897,0.3799,-0.19988,0.359006667,152.85%
0.31986,0.26756,0.49537,0.36093,33.06%
1.11236,-3.32866,1.11495,0.367116667,698.63%
-0.33265,-0.43078,-0.34274,0.368723333,14.64%
0.61729,1.00026,-0.50406,0.371163333,210.63%
0.58785,-0.11846,0.64521,0.371533333,114.48%
-0.08263,0.52168,0.68462,0.374556667,107.92%
0.62925,0.17629,0.35597,0.38717,58.91%
0.39964,0.33351,0.43823,0.39046,13.56%
0.66144,0.01653,0.49392,0.39063,85.66%
0.19407,0.9213,0.06238,0.392583333,117.83%
0.66684,0.24565,0.27387,0.395453333,59.54%
0.44187,0.34312,0.44149,0.408826667,13.92%
-0.33278,0.1683,-1.0658,0.410093333,151.35%
-0.15643,0.79448,0.59961,0.412553333,121.75%
0.34245,0.33807,0.56504,0.415186667,31.26%
-0.22217,1.02938,0.43996,0.415723333,150.61%
0.49215,0.28065,0.48918,0.42066,28.83%
0.06248,0.44642,0.7535,0.4208,82.28%
0.52054,0.34366,0.43819,0.43413,20.39%
0.64027,-0.97758,-0.9886,0.44197,212.06%
-0.22845,0.93143,0.6357,0.446226667,135.07%
0.55545,0.28681,0.50373,0.448663333,31.77%
0.63621,0.21435,0.50081,0.450456667,47.82%
0.02794,0.94103,0.38449,0.451153333,102.00%
0.44777,0.34382,0.58665,0.459413333,26.52%
1.41765,-0.51504,0.47942,0.460676667,209.80%
1.55961,0.40842,-0.58191,0.46204,231.96%
0.66,0.1326,0.61285,0.468483333,62.29%
-0.36751,-0.35332,-0.73177,0.4842,44.30%
0.59556,0.32243,0.5407,0.48623,29.71%
-0.02459,-0.26534,1.75231,0.48746,226.07%
0.65134,0.22574,0.58835,0.488476667,47.02%
-0.05002,0.95192,0.5764,0.492766667,102.72%
1.11515,0.15018,0.23965,0.50166,106.28%
0.69082,0.96166,-0.12303,0.509816667,110.73%
0.35546,0.67956,0.49873,0.51125,31.77%
0.29189,0.42679,0.835,0.517893333,54.60%
-0.91822,0.19316,-0.84171,0.522256667,118.86%
0.02401,1.21729,0.33177,0.524356667,118.15%
0.2375,1.04987,0.28712,0.52483,86.77%
-0.53414,-0.64418,-0.40321,0.527176667,22.88%
0.50859,-0.01907,1.10467,0.531396667,105.80%
0.63989,0.44281,0.56236,0.548353333,18.11%
1.0817,0.51421,0.06812,0.554676667,91.58%
-0.47459,0.89367,1.26148,0.560186667,163.31%
0.90633,0.74182,0.05579,0.56798,79.43%
0.551,-0.06006,1.21399,0.56831,112.12%
1.41842,1.16539,-0.80919,0.59154,206.18%
1.02989,0.82611,-0.05373,0.600756667,95.86%
0.2518,1.0356,0.51548,0.60096,66.37%
0.5332,-0.88906,-1.59028,0.648713333,166.78%
-0.43217,-1.26408,-0.258,0.651416667,82.54%
0.43302,1.13919,0.3824,0.651536667,64.94%
-1.04413,-1.02962,0.11426,0.653163333,101.76%
0.825,0.49318,0.6711,0.663093333,25.04%
0.42629,1.15163,0.44044,0.672786667,61.65%
0.16738,-1.03621,-1.15515,0.67466,108.45%
0.25865,1.28812,0.51895,0.688573333,77.74%
0.24719,1.50014,0.324,0.690443333,101.71%
-0.0024,1.02571,-3.10343,0.693373333,310.01%
-0.82237,-0.70869,-0.59697,0.709343333,15.89%
0.77254,0.84249,0.51688,0.710636667,24.12%
0.71621,1.11081,0.32637,0.717796667,54.64%
-0.00336,1.33221,0.83581,0.721553333,93.56%
0.3225,0.59138,1.25175,0.721876667,66.24%
0.21013,1.16478,0.79116,0.722023333,66.63%
0.93929,0.61644,0.63295,0.72956,24.92%
1.82068,0.2909,0.112,0.741193333,126.71%
0.91073,0.69762,0.72918,0.779176667,14.76%
-0.46214,-0.81522,-1.06614,0.781166667,38.84%
0.36141,1.46659,0.53123,0.78641,75.68%
0.78219,0.81937,0.77166,0.791073333,3.17%
0.92389,0.58655,0.94356,0.818,24.53%
0.40565,1.2541,0.88644,0.84873,50.13%
0.39892,1.26655,0.94448,0.869983333,50.41%
0.23127,1.40304,1.02299,0.885766667,67.49%
0.34335,1.22572,1.10788,0.892316667,53.69%
1.06742,0.50727,1.1031,0.892596667,37.44%
0.38176,0.93823,1.43944,0.91981,57.52%
1.07956,0.48793,1.19863,0.92204,41.28%
0.93969,0.7722,1.07079,0.92756,16.14%
-0.59116,-1.24802,-0.99481,0.944663333,35.07%
0.56174,1.5328,0.77766,0.9574,53.26%
-0.69919,-1.15572,-1.08499,0.979966667,25.07%
0.33404,1.58151,1.03527,0.983606667,63.58%
0.98872,1.30595,0.65814,0.98427,32.91%
-1.20283,-1.18473,-0.57294,0.986833333,36.33%
0.50986,1.08341,1.3727,0.988656667,44.42%
0.72302,1.52107,0.74308,0.995723333,45.70%
0.56109,1.84696,0.5924,1.00015,73.34%
1.43893,0.73967,0.82634,1.001646667,38.05%
1.48897,0.56928,0.95895,1.005733333,45.90%
1.50192,0.71055,0.81486,1.00911,42.61%
1.70879,0.67009,0.65925,1.01271,59.53%
1.78408,0.83775,0.4192,1.013676667,68.98%
1.47039,1.03745,0.58522,1.03102,42.93%
1.09715,0.57289,1.45939,1.043143333,42.73%
1.66487,-0.10544,1.63427,1.064566667,95.19%
1.15773,0.33735,1.71434,1.069806667,64.75%
0.57749,1.42445,1.27784,1.09326,41.40%
0.71718,1.02618,1.58066,1.108006667,39.49%
0.7255,1.6831,1.00587,1.138156667,43.26%
0.93233,1.60125,0.88611,1.139896667,35.11%
0.96134,1.42087,1.05733,1.146513333,21.14%
1.56012,0.74373,1.14787,1.150573333,35.48%
1.16757,1.45753,0.83475,1.153283333,27.02%
1.1287,1.40176,0.93482,1.155093333,20.31%
0.73526,1.64772,1.09117,1.15805,39.71%
0.71844,1.2286,1.60898,1.18534,37.70%
1.01123,0.84763,1.75202,1.203626667,40.04%
1.48432,0.73322,1.41973,1.212423333,34.33%
1.52508,0.67678,1.46482,1.222226667,38.73%
1.5706,0.5945,1.50466,1.223253333,44.60%
1.68098,0.81254,1.19653,1.230016667,35.38%
1.60981,0.63351,1.46977,1.237696667,42.65%
1.42431,1.40679,0.89261,1.241236667,24.33%
0.92438,1.96654,0.94527,1.27873,46.59%
1.03543,1.36135,1.45843,1.28507,17.24%
2.18954,0.35668,1.42673,1.324316667,69.52%
0.98242,1.71617,1.39015,1.362913333,26.97%
2.06173,1.18018,0.92693,1.389613333,42.87%
0.26251,1.58894,2.39469,1.41538,76.07%
0.75496,1.88777,1.60959,1.41744,41.65%
1.12897,1.54945,1.64128,1.4399,18.97%
1.56403,1.02182,1.77604,1.453963333,26.75%
1.50667,1.54646,1.33489,1.462673333,7.69%
1.30913,1.82569,1.28039,1.471736667,20.85%
-1.14673,-1.82648,-1.45872,1.47731,23.03%
1.52691,1.24095,1.66513,1.477663333,14.64%
-1.60976,-1.62395,-1.25596,1.496556667,13.93%
1.52521,1.52533,1.47794,1.509493333,1.81%
2.05847,0.86109,1.6386,1.519386667,39.98%
2.20957,1.50669,0.84669,1.520983333,44.81%
1.89349,1.55839,1.15517,1.535683333,24.07%
0.70962,1.95787,2.02859,1.56536,47.40%
1.72472,1.1604,1.86743,1.584183333,23.60%
2.03852,1.6098,1.12886,1.592393333,28.58%
1.4676,1.64497,1.77179,1.62812,9.38%
0.90916,2.05537,1.95968,1.641403333,38.74%
2.16444,1.50029,1.28559,1.650106667,27.77%
1.38944,2.40305,1.18825,1.660246667,39.22%
1.9152,1.80498,1.27832,1.666166667,20.43%
1.18598,1.82241,1.99846,1.66895,25.61%
1.87711,1.89537,1.24755,1.673343333,22.04%
1.9294,1.30206,1.79363,1.67503,19.70%
1.8239,1.45939,1.76795,1.683746667,11.66%
1.86898,2.07758,1.10802,1.68486,30.29%
1.07235,2.22341,1.76005,1.68527,34.37%
1.86975,1.56634,1.62334,1.686476667,9.56%
1.5468,1.62362,1.89989,1.690103333,10.99%
1.72806,1.73594,1.61793,1.693976667,3.89%
2.13266,1.54127,1.51323,1.729053333,20.23%
1.43795,1.48294,2.3533,1.758063333,29.35%
1.82222,2.08216,1.37286,1.75908,20.40%
1.79849,1.04323,2.44235,1.761356667,39.76%
1.54736,1.77215,1.9723,1.763936667,12.05%
1.97811,1.69921,1.6254,1.767573333,10.52%
1.74902,2.1652,1.39395,1.76939,21.82%
2.38664,1.92168,1.03159,1.77997,38.68%
1.88991,2.07328,1.39808,1.78709,19.54%
1.98488,1.99064,1.40842,1.794646667,18.64%
2.4279,2.03528,0.95804,1.807073333,42.11%
1.7364,1.62526,2.0762,1.81262,12.96%
2.56939,1.57349,1.31725,1.820043333,36.34%
2.57409,2.08348,0.81674,1.82477,49.69%
1.93227,1.97036,1.58687,1.829833333,11.55%
2.25193,2.06309,1.17717,1.83073,31.34%
2.51014,2.10946,0.87695,1.832183333,46.46%
2.07285,1.4008,2.11785,1.863833333,21.55%
1.56339,1.77612,2.28236,1.873956667,19.71%
2.18698,1.5402,1.91641,1.881196667,17.27%
1.87609,1.15553,2.61863,1.883416667,38.84%
1.79975,2.05852,1.80796,1.888743333,7.79%
1.6879,2.08145,1.90018,1.889843333,10.42%
2.05641,2.07604,1.60704,1.913163333,13.87%
1.56296,2.16454,2.09403,1.94051,16.95%
2.06969,1.71911,2.13424,1.974346667,11.31%
1.78455,1.7737,2.39443,1.984226667,17.91%
1.32882,2.55878,2.07472,1.98744,31.18%
2.05228,2.27128,1.64038,1.98798,16.11%
1.99984,1.33044,2.64129,1.990523333,32.93%
2.31288,1.60982,2.05457,1.992423333,17.85%
1.33761,1.52127,3.12718,1.995353333,49.34%
2.38935,2.11767,1.50728,2.004766667,22.53%
2.50853,1.82592,1.6955,2.009983333,21.72%
2.2566,1.93896,1.86649,2.020683333,10.27%
2.32551,1.92347,1.82251,2.02383,13.15%
1.7313,2.37453,1.96871,2.024846667,16.06%
2.44822,1.66062,1.96989,2.026243333,19.58%
2.12983,2.2639,1.68932,2.027683333,14.82%
1.82084,1.95029,2.31425,2.02846,12.61%
1.89403,2.35274,1.86227,2.036346667,13.48%
2.4998,2.29468,1.32043,2.038303333,30.91%
2.48109,1.92275,1.71277,2.03887,19.48%
2.27399,1.79362,2.05996,2.042523333,11.78%
2.3557,2.15642,1.62616,2.046093333,18.43%
2.44264,1.88454,1.88233,2.069836667,15.60%
1.96023,1.89437,2.40669,2.087096667,13.35%
2.08099,2.20953,1.97313,2.087883333,5.67%
1.99669,2.31201,1.98953,2.09941,8.77%
1.86205,2.10887,2.33713,2.102683333,11.30%
2.10255,1.93922,2.26894,2.10357,7.84%
2.40485,1.64674,2.26948,2.107023333,19.19%
2.35673,1.63478,2.3523,2.114603333,19.65%
2.48909,1.78884,2.08007,2.119333333,16.60%
2.54849,2.27669,1.57691,2.13403,23.49%
2.20635,2.01007,2.18808,2.134833333,5.08%
1.89281,2.36413,2.17268,2.143206667,11.06%
2.18637,2.14923,2.11824,2.15128,1.59%
1.84287,2.11781,2.53905,2.166576667,16.18%
2.05319,2.18253,2.27695,2.17089,5.17%
2.08564,1.45349,2.98774,2.175623333,35.44%
2.117,2.47867,2.0062,2.200623333,11.23%
2.56439,2.10453,1.93592,2.201613333,14.77%
2.01514,1.95344,2.64,2.20286,17.24%
2.1246,2.10056,2.38753,2.20423,7.22%
2.79696,2.06729,1.75236,2.205536667,24.30%
3.03464,1.77046,1.81213,2.205743333,32.56%
2.79416,1.99946,1.883,2.22554,22.28%
2.68293,1.99481,2.00465,2.227463333,17.71%
2.14229,2.07576,2.48781,2.235286667,9.90%
2.02183,2.0378,2.67649,2.245373333,16.63%
2.45296,1.97008,2.36975,2.264263333,11.40%
2.73242,1.85799,2.21231,2.267573333,19.40%
2.2289,1.82793,2.75682,2.271216667,20.51%
2.46937,1.692,2.67402,2.278463333,22.74%
1.87997,2.37818,2.59512,2.284423333,16.05%
1.93636,2.73237,2.21636,2.29503,17.59%
2.42556,2.02653,2.43801,2.2967,10.19%
2.15403,2.34539,2.41108,2.3035,5.80%
2.64044,2.20864,2.06252,2.303866667,13.04%
2.58393,2.10037,2.23825,2.307516667,10.80%
2.639,2.17694,2.11202,2.30932,12.44%
2.26607,2.08782,2.5814,2.311763333,10.81%
2.18866,2.18739,2.56443,2.313493333,9.39%
2.35279,2.14781,2.44958,2.316726667,6.65%
2.63316,2.30918,2.01883,2.32039,13.24%
2.69832,2.45717,1.81541,2.323633333,19.64%
2.98717,2.52841,1.46229,2.325956667,33.64%
2.70803,1.73663,2.54234,2.329,22.31%
2.59608,2.31691,2.08021,2.331066667,11.08%
2.27646,2.10012,2.62652,2.334366667,11.48%
2.29028,2.63765,2.09264,2.34019,11.79%
2.26121,2.39269,2.38053,2.34481,3.10%
1.98132,2.48549,2.58611,2.350973333,13.78%
2.41323,2.42378,2.22161,2.352873333,4.84%
2.47553,2.1334,2.45916,2.35603,8.19%
2.52661,2.02629,2.5222,2.358366667,12.19%
2.57507,2.07462,2.5167,2.388796667,11.46%
2.34072,2.24912,2.63338,2.40774,8.34%
2.88346,2.13731,2.23287,2.41788,16.79%
2.53457,2.32097,2.42361,2.426383333,4.40%
2.31818,2.22444,2.74459,2.42907,11.41%
2.23151,2.60301,2.46279,2.432436667,7.71%
2.44403,2.50079,2.35454,2.43312,3.03%
2.62697,2.1917,2.4818,2.43349,9.11%
2.36101,2.48629,2.49303,2.446776667,3.04%
2.65998,2.0988,2.64395,2.467576667,12.95%
2.7046,2.14898,2.62233,2.49197,12.03%
1.90899,2.84729,2.7204,2.492226667,20.43%
3.01901,2.07013,2.40573,2.49829,19.26%
2.91645,2.00277,2.57893,2.499383333,18.48%
3.16476,2.20599,2.1914,2.520716667,22.13%
2.63167,2.30931,2.66526,2.535413333,7.75%
2.8378,2.26939,2.55068,2.552623333,11.13%
2.96039,2.31062,2.44415,2.57172,13.34%
2.80015,2.45861,2.53714,2.598633333,6.88%
3.22509,2.33579,2.31128,2.624053333,19.84%
3.1345,2.01845,2.79249,2.64848,21.59%
2.7725,2.77993,2.39668,2.649703333,8.27%
2.79598,2.26755,2.8936,2.652376667,12.70%
2.92625,1.98693,3.06697,2.66005,22.07%
3.21425,2.92552,1.93031,2.690026667,25.04%
2.7515,2.35472,3.02269,2.709636667,12.40%
2.80379,2.47531,2.87211,2.71707,7.81%
3.05172,2.49324,2.63885,2.727936667,10.62%
2.69391,2.96442,2.54912,2.735816667,7.71%
3.10367,2.24043,2.97168,2.771926667,16.78%
3.02105,2.369,2.93788,2.775976667,12.78%
3.02518,2.43736,2.87134,2.77796,10.97%
2.76932,2.57677,2.99324,2.779776667,7.50%
2.50294,2.67504,3.17051,2.78283,12.45%
3.15256,2.55922,2.66165,2.791143333,11.36%
3.18995,2.66383,2.55304,2.802273333,12.14%
3.0396,2.63832,2.736,2.80464,7.46%
3.03138,2.37305,3.04712,2.817183333,13.66%
2.86799,2.66377,3.00712,2.846293333,6.07%
3.20244,2.95569,2.38903,2.849053333,14.64%
3.13866,2.52865,2.91535,2.860886667,10.79%
3.05643,2.84412,2.69028,2.86361,6.42%
2.92965,2.53448,3.13593,2.866686667,10.66%
3.28714,2.93973,2.40244,2.876436667,15.50%
2.85259,3.10612,2.69036,2.883023333,7.27%
3.32091,2.77503,2.55413,2.883356667,13.69%
3.15065,2.56494,3.09754,2.93771,11.03%
3.0819,2.84055,3.02685,2.9831,4.24%
3.47351,2.99904,2.48327,2.985273333,16.59%
4.03586,2.6077,2.35316,2.998906667,30.24%
3.5854,3.08997,2.34095,3.00544,20.85%
3.09167,2.67727,3.27663,3.01519,10.18%
3.30575,2.84713,3.0031,3.051993333,7.64%
3.56949,2.95741,2.68743,3.071443333,14.71%
3.45032,3.21513,2.62942,3.09829,13.64%
3.3465,3.56127,2.57164,3.159803333,16.47%
3.4504,3.01873,3.01525,3.16146,7.92%
3.52213,2.63814,3.36734,3.17587,14.86%
3.33231,3.63308,2.61262,3.19267,16.42%
3.65141,3.43688,2.51864,3.20231,18.79%
3.49291,3.01882,3.10043,3.204053333,7.91%
3.48669,2.92847,3.21587,3.210343333,8.70%
3.6399,2.81746,3.20467,3.220676667,12.78%
3.22331,3.09604,3.40692,3.24209,4.82%
3.47034,3.08088,3.17813,3.243116667,6.25%
3.88226,3.02138,2.83497,3.246203333,17.21%
3.38468,3.145,3.22991,3.253196667,3.74%
3.38964,2.86742,3.52058,3.259213333,10.60%
3.60903,3.82539,2.35865,3.264356667,24.26%
3.38695,3.09908,3.35652,3.28085,4.82%
3.62232,2.95803,3.26558,3.281976667,10.13%
3.97362,2.94424,2.94863,3.28883,18.03%
3.79547,3.36224,2.72438,3.29403,16.36%
3.70024,3.03467,3.21323,3.316046667,10.39%
3.60902,2.95583,3.38429,3.31638,10.01%
3.62518,2.9971,3.33383,3.318703333,9.47%
3.44763,2.91283,3.60005,3.32017,10.87%
3.41531,3.3423,3.20802,3.321876667,3.17%
3.64167,2.84335,3.48592,3.323646667,12.73%
3.46158,3.38559,3.12712,3.324763333,5.27%
3.25914,3.24808,3.46881,3.325343333,3.74%
3.33313,3.12673,3.52991,3.329923333,6.05%
3.43443,3.52732,3.05071,3.337486667,7.57%
3.79888,3.15533,3.06321,3.33914,12.00%
3.55738,3.03811,3.42323,3.339573333,8.07%
3.77611,3.32089,2.93993,3.345643333,12.51%
3.25151,3.8205,2.98459,3.3522,12.74%
3.38761,3.12799,3.57734,3.364313333,6.71%
3.49294,3.3766,3.23246,3.367333333,3.88%
4.03414,3.02349,3.06163,3.373086667,16.98%
3.80996,3.09247,3.22143,3.37462,11.33%
3.8917,3.01123,3.22862,3.377183333,13.58%
3.95786,3.6639,2.52759,3.383116667,22.33%
3.41718,2.95539,3.78071,3.384426667,12.22%
3.69674,3.25537,3.20481,3.38564,7.99%
3.41351,3.42367,3.35683,3.398003333,1.06%
3.56037,3.05015,3.60235,3.40429,9.03%
3.54746,3.14501,3.52278,3.405083333,6.62%
3.46848,3.07618,3.68381,3.40949,9.04%
4.22744,3.22215,2.83592,3.428503333,20.95%
3.58794,3.03706,3.66394,3.429646667,9.97%
3.74465,3.26917,3.28242,3.43208,7.89%
3.54334,3.68477,3.08939,3.439166667,9.04%
3.52465,3.11735,3.67921,3.440403333,8.44%
3.74354,3.62753,2.9533,3.441456667,12.40%
3.04843,3.73857,3.5406,3.442533333,10.32%
3.64944,3.04341,3.64382,3.445556667,10.11%
3.95994,3.53526,2.84753,3.447576667,16.28%
3.7507,3.30248,3.29491,3.449363333,7.57%
3.53652,3.18772,3.64453,3.456256667,6.91%
3.71128,3.52291,3.14294,3.459043333,8.37%
3.75657,3.7143,2.92117,3.464013333,13.59%
3.38713,3.61356,3.40601,3.4689,3.62%
3.51015,3.48779,3.45628,3.48474,0.78%
3.64979,3.3083,3.51268,3.490256667,4.92%
3.53859,3.34263,3.59222,3.491146667,3.76%
3.68034,3.21648,3.58393,3.493583333,7.01%
3.65512,2.97635,3.86382,3.49843,13.26%
3.44293,3.81972,3.234,3.498883333,8.48%
3.41133,3.40223,3.69326,3.502273333,4.72%
3.65425,3.57629,3.28953,3.50669,5.48%
3.6868,3.5337,3.3169,3.512466667,5.29%
3.61553,3.55616,3.36933,3.513673333,3.66%
3.78619,2.99682,3.79143,3.524813333,12.97%
3.6672,3.49215,3.41777,3.525706667,3.63%
3.58294,3.27607,3.7524,3.537136667,6.83%
3.49458,3.50132,3.63662,3.544173333,2.26%
3.87631,3.50524,3.28906,3.55687,8.35%
3.80349,3.11713,3.75818,3.5596,10.78%
3.72322,3.1893,3.76787,3.56013,9.04%
3.62096,3.31557,3.75295,3.56316,6.30%
3.59302,3.42208,3.68714,3.567413333,3.77%
3.56654,3.41911,3.72285,3.5695,4.26%
3.74002,3.37743,3.59221,3.569886667,5.11%
3.65766,3.2531,3.7999,3.57022,7.95%
3.63802,3.24327,3.84251,3.5746,8.52%
3.59134,3.91623,3.21752,3.57503,9.78%
3.40894,3.175,4.15016,3.578033333,14.23%
3.96767,3.27355,3.50432,3.581846667,9.87%
3.76687,3.24163,3.75371,3.587403333,8.35%
4.06942,3.50394,3.20215,3.591836667,12.26%
3.53158,3.57729,3.6741,3.594323333,2.02%
4.08098,3.33272,3.38987,3.60119,11.57%
3.71151,3.48522,3.61976,3.605496667,3.16%
3.90673,3.48469,3.44387,3.611763333,7.10%
3.65331,3.30987,3.87929,3.614156667,7.93%
4.10629,3.72726,3.01087,3.614806667,15.39%
3.88581,3.64493,3.31915,3.61663,7.86%
4.33155,3.11635,3.43545,3.627783333,17.37%
3.77186,3.57442,3.53799,3.62809,3.47%
3.4061,3.62348,3.86313,3.630903333,6.30%
3.705,3.47972,3.71019,3.631636667,3.62%
3.74057,3.38937,3.76743,3.632456667,5.81%
4.01731,3.02373,3.85732,3.632786667,14.69%
4.04313,3.27421,3.58276,3.633366667,10.65%
4.25547,3.47947,3.16624,3.633726667,15.43%
4.05191,3.70655,3.14664,3.635033333,12.57%
3.58735,3.48889,3.83557,3.63727,4.91%
3.79615,3.33824,3.80477,3.646386667,7.32%
4.12742,3.44513,3.36926,3.64727,11.45%
3.54554,3.661,3.77784,3.66146,3.17%
3.81461,3.8197,3.35297,3.662426667,7.32%
4.01981,3.25388,3.72097,3.664886667,10.53%
3.69658,3.62782,3.68301,3.669136667,0.99%
3.8058,3.91037,3.29461,3.67026,8.98%
4.27676,3.43259,3.31773,3.675693333,14.25%
3.7524,3.51771,3.75919,3.676433333,3.74%
3.68422,3.52636,3.81896,3.676513333,3.98%
4.02225,3.67591,3.34209,3.680083333,9.24%
4.25701,3.6352,3.15394,3.68205,15.02%
4.33179,3.42712,3.30092,3.68661,15.25%
4.12629,3.89265,3.04752,3.68882,15.39%
3.82189,3.77044,3.52168,3.70467,4.33%
4.15664,3.51228,3.45631,3.70841,10.49%
3.664,3.63644,3.82995,3.71013,2.82%
4.00642,3.77435,3.35546,3.712076667,8.89%
4.07103,3.38795,3.68811,3.715696667,9.21%
4.35211,3.57172,3.23973,3.721186667,15.35%
3.97947,3.29917,3.92784,3.735493333,10.14%
4.02783,3.20524,3.99703,3.743366667,12.46%
3.76802,3.5664,3.90312,3.745846667,4.52%
4.03218,3.61651,3.70218,3.783623333,5.80%
3.79973,3.6265,3.93231,3.78618,4.05%
3.82529,3.57453,3.96243,3.787416667,5.19%
4.10236,3.68854,3.60894,3.799946667,6.97%
3.85704,3.82601,3.7319,3.804983333,1.71%
4.12433,3.5582,3.74933,3.81062,7.56%
3.95905,3.83409,3.64947,3.814203333,4.08%
3.94942,3.56047,3.96465,3.824846667,5.99%
4.3447,3.52441,3.60873,3.825946667,11.79%
4.19574,3.19845,4.08545,3.826546667,14.29%
4.16368,3.29759,4.02153,3.8276,12.13%
4.06633,3.45357,3.98138,3.83376,8.66%
4.02564,3.82453,3.73305,3.861073333,3.88%
4.2618,3.49517,3.85682,3.871263333,9.91%
3.77822,3.92752,3.91349,3.873076667,2.13%
4.48174,3.50612,3.63209,3.873316667,13.70%
4.18127,3.52827,3.94794,3.885826667,8.52%
4.15079,3.55216,3.969,3.89065,7.89%
4.26899,3.6012,3.81775,3.89598,8.74%
3.69388,3.99075,4.00331,3.89598,4.50%
3.91457,3.80352,4.00634,3.908143333,2.60%
3.93989,3.98204,3.81277,3.911566667,2.25%
4.13901,3.77766,3.84502,3.920563333,4.90%
4.57678,3.54818,3.64269,3.92255,14.49%
4.15474,3.22908,4.38399,3.922603333,15.59%
4.03993,3.64755,4.10983,3.932436667,6.34%
3.99857,3.76416,4.09163,3.951453333,4.27%
4.47872,4.11263,3.34164,3.977663333,14.59%
4.53603,3.18504,4.23455,3.985206667,17.80%
4.25576,3.61385,4.19601,4.021873333,8.82%
4.14601,3.78912,4.19445,4.043193333,5.47%
4.22409,3.58268,4.32491,4.043893333,9.96%
4.25028,3.46849,4.42706,4.04861,12.60%
4.52092,3.64164,3.988,4.050186667,10.94%
4.00541,3.69508,4.46315,4.054546667,9.53%
4.46247,3.93648,3.80807,4.069006667,8.52%
4.28559,3.82248,4.11269,4.073586667,5.74%
4.27264,3.68233,4.27114,4.07537,8.35%
4.61008,4.03005,3.6237,4.087943333,12.13%
4.50694,3.62829,4.17949,4.104906667,10.82%
4.21408,3.74317,4.3843,4.11385,8.07%
4.56642,3.49952,4.28534,4.117093333,13.43%
4.49781,3.72378,4.16148,4.12769,9.40%
4.66216,4.08702,3.63555,4.128243333,12.46%
4.35335,3.75037,4.39703,4.166916667,8.67%
4.38402,4.00061,4.14902,4.177883333,4.63%
4.43528,4.12085,4.01185,4.189326667,5.25%
4.6238,3.93736,4.06742,4.209526667,8.66%
4.56891,3.98112,4.09669,4.215573333,7.39%
4.69784,4.12717,3.88406,4.236356667,9.86%
4.68459,4.20271,3.85336,4.246886667,9.83%
4.62134,4.13532,4.01355,4.256736667,7.55%
4.60874,3.98198,4.21202,4.26758,7.43%
4.46728,3.99655,4.35519,4.273006667,5.75%
4.6758,4.28397,3.86928,4.27635,9.43%
4.44394,4.17489,4.21056,4.276463333,3.42%
4.47377,4.0486,4.31639,4.279586667,5.02%
4.29177,4.25556,4.32547,4.290933333,0.81%
4.46241,4.18985,4.23619,4.29615,3.39%
4.55235,4.17125,4.21891,4.31417,4.81%
4.26655,4.34641,4.34641,4.31979,1.07%
5.05648,4.33042,3.59783,4.328243333,16.85%
4.47373,4.14111,4.39412,4.33632,4.01%
4.68672,4.18664,4.15657,4.34331,6.86%
4.5146,4.0063,4.54814,4.356346667,6.97%
4.41424,4.17523,4.49189,4.360453333,3.78%
4.6292,4.63651,3.83352,4.36641,10.57%
4.60819,4.01966,4.48733,4.371726667,7.11%
4.56936,4.19405,4.37207,4.378493333,4.29%
4.61858,4.05257,4.46531,4.37882,6.69%
5.16262,4.26889,3.73257,4.388026667,16.46%
4.55197,4.35056,4.26558,4.38937,3.35%
4.49687,4.15467,4.51877,4.390103333,4.65%
4.63312,4.05302,4.49665,4.394263333,6.90%
4.64602,4.05245,4.48527,4.39458,6.99%
4.34641,4.40647,4.43387,4.395583333,1.02%
4.48942,4.08514,4.61308,4.39588,6.28%
4.75065,4.11775,4.32604,4.398146667,7.33%
4.46293,4.19035,4.5427,4.39866,4.20%
4.69612,4.2659,4.26749,4.409836667,5.62%
4.58886,4.29773,4.37628,4.420956667,3.41%
4.56117,4.10646,4.62704,4.431556667,6.40%
4.67462,4.26923,4.35488,4.43291,4.82%
4.55435,4.16927,4.5909,4.438173333,5.26%
4.46312,4.40923,4.46312,4.445156667,0.70%
4.54112,4.21162,4.58804,4.446926667,4.61%
4.56904,4.21325,4.57935,4.45388,4.68%
4.74775,4.08306,4.58169,4.470833333,7.74%
4.79996,4.47883,4.14917,4.475986667,7.27%
4.70948,4.26753,4.4998,4.49227,4.92%
4.415,4.54767,4.56452,4.509063333,1.82%
4.40748,4.51955,4.60776,4.511596667,2.22%
4.70533,4.46312,4.45281,4.54042,3.15%
4.42903,4.19412,5.0068,4.543316667,9.21%
4.74847,4.49283,4.43602,4.559106667,3.65%
4.74051,4.22222,4.76792,4.576883333,6.72%
4.41608,4.53233,4.90237,4.616926667,5.50%
4.51143,4.35582,5.00165,4.622966667,7.29%
4.81603,4.06268,5.0042,4.627636667,10.77%
5.00783,4.31624,4.62289,4.648986667,7.45%
5.10883,4.56449,4.29164,4.654986667,8.94%
5.04417,4.39807,4.56745,4.669896667,7.17%
5.02989,4.56231,4.41796,4.670053333,6.85%
4.95032,5.02349,4.04981,4.67454,11.60%
4.45043,4.59672,5.01296,4.686703333,6.23%
5.03288,4.48786,4.54456,4.688433333,6.39%
4.98662,4.46023,4.68928,4.712043333,5.60%
4.79007,4.60424,4.74572,4.713343333,2.06%
5.07605,4.85706,4.21437,4.715826667,9.50%
5.08246,4.38685,4.73088,4.733396667,7.35%
4.77127,4.61308,4.81753,4.73396,2.26%
5.15277,5.2256,3.86174,4.746703333,16.16%
5.06928,4.53046,4.66194,4.753893333,5.91%
4.58913,4.74363,4.95979,4.764183333,3.91%
4.88179,4.55136,4.86461,4.76592,3.90%
4.95813,4.29735,5.04829,4.767923333,8.60%
5.07703,4.44378,4.79003,4.77028,6.65%
5.06563,4.20772,5.07994,4.78443,10.44%
5.28095,4.36604,4.84459,4.830526667,9.47%
5.18354,4.99218,4.34664,4.840786667,9.06%
4.69099,4.81724,5.02276,4.843663333,3.46%
5.03503,4.51955,5.10084,4.88514,6.52%
4.86644,4.52193,5.36037,4.916246667,8.57%
4.83304,4.69272,5.23629,4.920683333,5.73%
5.46851,4.8319,4.59062,4.963676667,9.14%
5.26219,4.87367,4.75751,4.964456667,5.32%
5.42048,4.76941,4.77591,4.9886,7.50%
5.3724,4.86923,4.73473,4.99212,6.73%
5.27583,5.13808,4.58109,4.998333333,7.36%
5.14474,4.88598,4.99628,5.009,2.59%
5.25184,4.65998,5.13947,5.017096667,6.27%
5.34805,4.68553,5.01898,5.01752,6.60%
5.09334,4.98788,4.97556,5.018926667,1.29%
5.34172,4.89651,4.84026,5.026163333,5.47%
5.07245,4.95525,5.09031,5.039336667,1.46%
5.25738,4.71097,5.15856,5.042303333,5.77%
4.95205,4.81026,5.38725,5.049853333,5.95%
5.19421,5.02695,4.92963,5.050263333,2.65%
5.75508,4.5893,4.83621,5.060196667,12.14%
5.347,4.94134,4.91682,5.068386667,4.77%
5.27407,4.84928,5.11561,5.079653333,4.23%
5.2135,5.13682,4.89665,5.082323333,3.25%
5.19698,4.86534,5.20376,5.088693333,3.80%
5.16794,5.04691,5.1471,5.12065,1.26%
5.32254,5.01897,5.02702,5.122843333,3.38%
5.1455,5.10515,5.14309,5.131246667,0.44%
5.14266,5.09922,5.17478,5.138886667,0.74%
5.22129,4.91695,5.32695,5.155063333,4.13%
5.44305,4.88682,5.20692,5.17893,5.39%
5.60371,4.80767,5.14503,5.18547,7.71%
4.94586,5.30537,5.32857,5.193266667,4.13%
5.63449,4.95382,5.01988,5.20273,7.21%
5.28269,5.09712,5.28269,5.220833333,2.05%
5.08781,5.30196,5.27502,5.221596667,2.23%
5.50812,5.17217,5.09329,5.25786,4.19%
5.31052,5.28933,5.19597,5.265273333,1.16%
5.29538,5.04768,5.45364,5.265566667,3.89%
5.26826,5.28469,5.32318,5.292043333,0.53%
5.40834,5.31653,5.27045,5.331773333,1.32%
5.47111,5.23787,5.34591,5.35163,2.18%
5.5296,5.28269,5.26408,5.35879,2.77%
5.97935,5.76902,4.78473,5.511033333,11.57%
6.14916,5.6071,4.96919,5.57515,10.59%
5.69559,5.41196,5.6717,5.593083333,2.81%
6.16808,5.84256,5.17772,5.729453333,8.81%
6.28203,5.75221,5.17917,5.737803333,9.61%
5.74309,5.74309,5.81845,5.76821,0.75%
6.24718,5.64927,5.42191,5.772786667,7.38%
5.8412,5.68356,5.8412,5.788653333,1.57%
6.16588,5.61498,5.60514,5.795333333,5.54%
5.8256,6.47195,5.14662,5.814723333,11.40%
5.87273,5.73589,5.8751,5.827906667,1.37%
6.61824,5.94369,4.93395,5.83196,14.54%
5.79297,5.8412,5.88333,5.839166667,0.77%
5.78659,5.87273,5.87273,5.844016667,0.85%
6.00566,5.82605,5.74309,5.858266667,2.29%
5.936,5.88328,5.8113,5.87686,1.07%
6.26698,5.56523,5.85808,5.896763333,5.98%
6.10951,5.80928,5.77633,5.898373333,3.11%
6.01029,5.89781,5.82452,5.910873333,1.58%
5.96574,5.83532,5.94921,5.916756667,1.20%
5.97459,5.69423,6.12412,5.93098,3.68%
6.29779,5.58811,5.9276,5.937833333,5.98%
6.01659,5.75187,6.05968,5.942713333,2.80%
6.053,5.78473,6.02569,5.954473333,2.48%
6.25918,5.66287,5.9724,5.964816667,5.00%
6.20091,5.89236,5.8209,5.97139,3.38%
6.38487,5.80946,5.7562,5.98351,5.83%
6.2191,5.84652,5.89206,5.985893333,3.40%
6.1343,5.74641,6.10493,5.995213333,3.60%
6.15169,5.63867,6.2479,6.012753333,5.45%
6.74182,5.96124,5.34152,6.01486,11.67%
6.23922,5.64974,6.16377,6.017576667,5.33%
6.54794,5.94374,5.56166,6.01778,8.26%
6.29315,5.80942,5.97736,6.026643333,4.08%
6.60415,5.9284,5.54747,6.026673333,8.88%
6.14197,5.58424,6.36686,6.031023333,6.68%
6.04309,5.78395,6.27118,6.03274,4.04%
6.00021,6.053,6.0644,6.039203333,0.57%
6.54297,6.12921,5.44959,6.04059,9.14%
6.43888,5.87223,5.81373,6.041613333,5.72%
6.06171,5.6121,6.4546,6.042803333,6.98%
6.18359,5.81531,6.1559,6.0516,3.39%
6.64333,6.34584,5.17548,6.054883333,12.82%
6.36234,5.75599,6.11305,6.077126667,5.01%
6.07127,5.82427,6.34721,6.080916667,4.30%
6.58304,5.79917,5.91487,6.099026667,6.94%
6.15695,5.96385,6.18475,6.10185,1.97%
6.25623,5.95157,6.13719,6.114996667,2.51%
6.09041,6.2359,6.03777,6.12136,1.68%
6.52179,6.28621,5.56222,6.123406667,8.17%
6.4234,5.79924,6.15569,6.12611,5.11%
6.20459,6.14662,6.053,6.134736667,1.25%
6.1288,5.97778,6.30906,6.138546667,2.70%
6.46172,6.05818,5.89697,6.138956667,4.74%
6.18479,5.84212,6.40434,6.14375,4.61%
6.35491,5.77355,6.31091,6.146456667,5.27%
6.48485,6.27282,5.69647,6.15138,6.63%
6.68847,5.76091,6.04551,6.164963333,7.71%
6.21591,6.06079,6.24627,6.174323333,1.61%
6.60656,6.13596,5.79037,6.17763,6.63%
6.55459,5.9842,5.99727,6.178686667,5.27%
6.55297,6.55581,5.43787,6.182216667,10.43%
6.54761,6.3477,5.67451,6.18994,7.39%
6.12139,6.54872,5.90733,6.19248,5.27%
6.64318,5.78086,6.16872,6.197586667,6.97%
6.42404,6.13251,6.05909,6.205213333,3.11%
6.56178,6.18986,5.9103,6.220646667,5.25%
6.4948,5.90698,6.26264,6.221473333,4.76%
6.18475,6.18475,6.29621,6.221903333,1.03%
6.42033,6.10405,6.14445,6.222943333,2.77%
6.52628,6.13531,6.03683,6.232806667,4.15%
6.47841,5.82178,6.42905,6.24308,5.86%
6.55562,6.11423,6.1045,6.258116667,4.12%
6.26468,6.12593,6.39429,6.261633333,2.14%
6.27692,6.1286,6.40289,6.26947,2.19%
6.31588,6.12437,6.36882,6.26969,2.05%
6.28861,6.31522,6.21005,6.271293333,0.87%
6.66525,6.14693,6.00337,6.27185,5.55%
6.43996,5.86236,6.52504,6.275786667,5.75%
6.47117,6.22435,6.13257,6.27603,2.79%
6.52584,6.04633,6.26006,6.27741,3.83%
6.52992,6.06156,6.24153,6.27767,3.76%
6.43509,5.94803,6.45056,6.277893333,4.55%
6.5698,5.96285,6.32762,6.286756667,4.86%
6.54196,5.86145,6.4701,6.29117,5.94%
6.39885,6.03496,6.44288,6.29223,3.56%
6.54146,5.92915,6.42343,6.298013333,5.16%
6.40212,6.01009,6.48585,6.299353333,4.03%
6.27508,6.40729,6.22142,6.301263333,1.52%
6.80812,5.87972,6.22,6.302613333,7.45%
6.66929,6.30953,5.94808,6.308966667,5.72%
6.21359,6.61548,6.15604,6.32837,3.96%
6.52163,6.34166,6.13789,6.333726667,3.03%
6.52329,6.3562,6.12738,6.335623333,3.14%
6.6411,5.90825,6.4891,6.34615,6.09%
6.75115,6.36659,5.92414,6.347293333,6.52%
6.47693,6.30489,6.2907,6.357506667,1.63%
6.3947,6.63595,6.04429,6.358313333,4.68%
6.37418,6.22724,6.47774,6.35972,1.98%
6.4333,6.17916,6.48117,6.364543333,2.55%
6.51376,6.43488,6.15628,6.368306667,2.95%
6.62368,6.06214,6.43794,6.374586667,4.49%
6.34339,6.58291,6.19752,6.374606667,3.05%
6.50608,6.11055,6.50753,6.37472,3.59%
6.24627,6.24627,6.6321,6.37488,3.49%
6.75016,6.33863,6.04496,6.377916667,5.55%
6.51772,6.1441,6.49024,6.38402,3.26%
6.60073,6.03774,6.51424,6.384236667,4.75%
6.50673,6.13673,6.52753,6.39033,3.44%
6.78303,6.27529,6.11757,6.391963333,5.44%
6.68358,6.48303,6.05094,6.40585,5.05%
6.57722,6.41156,6.24426,6.411013333,2.60%
6.54908,6.56065,6.12565,6.411793333,3.87%
6.72481,6.44681,6.07632,6.41598,5.07%
6.66911,6.34965,6.23044,6.4164,3.54%
6.38938,6.38938,6.47385,6.417536667,0.76%
6.40645,6.20316,6.6446,6.41807,3.44%
6.47527,6.39613,6.39053,6.420643333,0.74%
6.57774,6.30835,6.37954,6.421876667,2.17%
6.58021,6.3794,6.3071,6.422236667,2.20%
6.40452,6.53773,6.35093,6.43106,1.50%
6.71527,6.2649,6.35805,6.446073333,3.69%
6.87212,6.4414,6.03182,6.448446667,6.52%
6.57459,6.43876,6.38938,6.467576667,1.48%
6.39429,6.39429,6.62073,6.46977,2.02%
6.29664,6.52089,6.59202,6.46985,2.38%
6.70331,6.66346,6.05353,6.473433333,5.63%
6.77102,6.29633,6.36365,6.477,3.97%
6.49467,6.36712,6.5792,6.48033,1.65%
6.78116,5.9911,6.683,6.485086667,6.64%
6.55886,6.22182,6.67547,6.485383333,3.63%
6.63145,6.18383,6.64417,6.486483333,4.04%
6.8224,6.31818,6.32014,6.486906667,4.48%
6.44288,6.44288,6.59085,6.492203333,1.32%
6.71756,6.40371,6.35758,6.49295,3.02%
6.37756,6.60815,6.53145,6.50572,1.81%
6.72924,6.28366,6.50914,6.507346667,3.42%
6.66301,6.53703,6.33513,6.511723333,2.54%
6.35453,6.66651,6.51531,6.512116667,2.40%
6.79339,6.30333,6.453,6.516573333,3.85%
6.59318,6.39716,6.56413,6.518156667,1.62%
6.70666,6.54975,6.31791,6.524773333,3.00%
6.49506,6.53579,6.54581,6.525553333,0.41%
6.71315,6.27515,6.58863,6.525643333,3.46%
6.54339,6.54958,6.52922,6.54073,0.16%
6.86214,6.22693,6.53335,6.540806667,4.86%
7.13371,6.3986,6.09316,6.541823333,8.18%
6.69922,6.42818,6.52307,6.550156667,2.10%
6.84819,6.48409,6.35762,6.5633,3.88%
6.66375,6.54626,6.48202,6.56401,1.40%
6.73782,6.60813,6.34968,6.56521,3.01%
6.68164,6.44592,6.5836,6.570386667,1.80%
6.65988,6.33937,6.7515,6.583583333,3.29%
6.79007,6.51963,6.44478,6.584826667,2.76%
6.76964,6.50402,6.49021,6.587956667,2.39%
6.69028,6.38524,6.68998,6.5885,2.67%
6.69983,6.46581,6.62046,6.595366667,1.80%
6.74805,6.36873,6.68377,6.600183333,3.08%
6.65295,6.40495,6.74541,6.601103333,2.67%
6.65277,6.51382,6.66964,6.612076667,1.29%
6.7474,6.4345,6.65925,6.613716667,2.44%
6.7078,6.42021,6.72109,6.616366667,2.57%
6.70493,6.36925,6.78291,6.61903,3.32%
6.69342,6.40119,6.78229,6.625633333,3.01%
6.73737,6.36528,6.81818,6.640276667,3.64%
6.77712,6.41167,6.76346,6.65075,3.11%
6.68372,6.48891,6.78731,6.653313333,2.28%
6.58748,6.66328,6.75089,6.667216667,1.23%
6.58628,6.65789,6.75842,6.66753,1.30%
6.7884,6.51187,6.70779,6.669353333,2.13%
7.01614,6.38947,6.60721,6.67094,4.77%
6.67564,6.68164,6.68195,6.679743333,0.05%
6.88447,6.37758,6.817,6.693016667,4.11%
6.62357,6.7593,6.74789,6.710253333,1.12%
7.02588,6.95153,6.22008,6.732496667,6.61%
6.97538,6.61694,6.62887,6.740396667,3.02%
6.86024,6.71014,6.68164,6.750673333,1.42%
6.83384,6.60357,6.84761,6.761673333,2.03%
7.13292,6.86629,6.33581,6.77834,5.99%
6.73314,6.83384,6.83384,6.800273333,0.85%
6.87222,6.69814,6.85854,6.809633333,1.42%
6.93807,6.82279,6.7763,6.84572,1.22%
7.17604,6.80796,6.68364,6.889213333,3.72%
7.06602,6.84547,6.81944,6.91031,1.96%
6.48492,7.2832,6.99222,6.920113333,5.84%
7.09224,6.82755,6.87033,6.93004,2.05%
6.87953,6.87953,7.0405,6.933186667,1.34%
7.20627,6.78417,6.93168,6.97404,3.07%
6.66099,6.98082,7.33334,6.991716667,4.81%
7.11195,7.18254,6.68147,6.991986667,3.88%
7.22032,6.79988,7.00428,7.00816,3.00%
7.00605,6.79368,7.24771,7.015813333,3.24%
7.05562,6.90866,7.10179,7.022023333,1.44%
7.04217,6.98252,7.04661,7.023766667,0.51%
7.09182,7.10927,6.87953,7.026873333,1.82%
7.12507,7.00349,7.00143,7.04333,1.01%
6.94708,6.9664,7.21944,7.044306667,2.16%
7.21232,7.09939,6.86741,7.059706667,2.49%
7.07483,6.9229,7.21403,7.070586667,2.06%
7.09344,6.96082,7.17697,7.077076667,1.54%
6.93683,6.93819,7.36218,7.079066667,3.46%
7.02082,7.03116,7.19542,7.082466667,1.38%
7.1049,6.93523,7.20861,7.082913333,1.95%
7.25816,6.92222,7.07418,7.084853333,2.37%
6.87333,7.28366,7.10543,7.087473333,2.90%
7.05537,6.88985,7.33914,7.094786667,3.20%
7.20613,7.18805,6.92938,7.107853333,2.18%
7.13772,6.92246,7.26563,7.108603333,2.44%
7.27639,7.079,6.98372,7.113036667,2.10%
6.9744,7.13396,7.23139,7.11325,1.82%
7.10628,7.01427,7.23838,7.119643333,1.58%
7.06531,6.98113,7.32414,7.123526667,2.51%
7.10858,7.02833,7.23597,7.124293333,1.47%
7.15204,6.9677,7.25626,7.125333333,2.05%
6.9383,7.00984,7.43505,7.12773,3.77%
7.03387,7.1465,7.22801,7.136126667,1.37%
7.12522,7.13092,7.16938,7.14184,0.34%
7.08288,7.14252,7.22566,7.150353333,1.00%
7.21426,7.03189,7.2327,7.159616667,1.55%
7.20507,7.14245,7.17542,7.174313333,0.44%
7.14455,7.03919,7.35336,7.179033333,2.23%
7.20095,7.15081,7.20413,7.185296667,0.42%
7.24401,7.2193,7.2193,7.227536667,0.20%
7.34537,6.99333,7.35422,7.230973333,2.85%
7.2193,7.2793,7.22495,7.241183333,0.46%
7.20307,7.12533,7.39918,7.242526667,1.95%
7.39833,7.12193,7.41597,7.312076667,2.26%
7.11603,7.26898,7.56726,7.317423333,3.14%
7.29016,7.21141,7.5021,7.334556667,2.05%
6.71155,7.56548,7.74993,7.34232,7.55%
7.32288,7.39568,7.37561,7.364723333,0.51%
7.3537,7.28013,7.46737,7.367066667,1.28%
7.31846,7.17586,7.70017,7.398163333,3.66%
7.49228,7.27105,7.54097,7.434766667,1.93%
7.48674,7.4089,7.55153,7.48239,0.95%
7.52187,7.52187,7.42008,7.48794,0.78%
7.54595,7.45154,7.50022,7.499236667,0.63%
7.56346,7.50269,7.48871,7.518286667,0.53%
8.14919,7.54624,6.86095,7.518793333,8.57%
7.54525,7.54279,7.4895,7.525846667,0.42%
7.54165,7.54525,7.54525,7.54405,0.03%
7.58882,7.4753,7.58513,7.54975,0.85%
7.93178,7.69832,7.03178,7.55396,6.18%
7.96805,7.50312,7.21312,7.56143,5.04%
8.11192,7.36571,7.22109,7.56624,6.32%
7.67242,7.55496,7.52187,7.583083333,1.04%
7.56189,7.42717,7.83263,7.60723,2.71%
7.91696,7.54797,7.39223,7.619053333,3.54%
7.46579,7.56977,7.85115,7.628903333,2.61%
8.09579,7.49669,7.31209,7.634856667,5.37%
7.63618,7.63618,7.63618,7.63618,0.00%
7.70032,7.69084,7.55704,7.6494,1.05%
8.02832,7.47533,7.45633,7.653326667,4.25%
8.00026,7.47869,7.49752,7.658823333,3.86%
7.73955,7.58432,7.70022,7.674696667,1.05%
7.82027,7.57985,7.63871,7.67961,1.63%
8.22795,7.81734,7.01813,7.687806667,8.00%
7.69683,7.62172,7.75628,7.69161,0.88%
7.93836,7.77222,7.42372,7.711433333,3.41%
7.72834,7.62706,7.79556,7.716986667,1.10%
8.05168,7.34914,7.76419,7.72167,4.57%
7.65732,7.90833,7.60976,7.725136667,2.08%
7.74458,7.68136,7.75611,7.72735,0.52%
7.20192,7.90246,8.08286,7.72908,6.02%
6.59667,8.13755,8.45427,7.729496667,12.86%
8.11651,7.40304,7.69349,7.73768,4.64%
7.991,7.43078,7.81108,7.744286667,3.69%
7.87962,7.52573,7.8385,7.74795,2.50%
7.87153,7.6203,7.77421,7.755346667,1.63%
7.98555,7.46194,7.83708,7.761523333,3.48%
7.91252,7.48071,7.89327,7.762166667,3.14%
7.76572,7.49108,8.08857,7.78179,3.84%
8.14473,7.39128,7.84837,7.794793333,4.87%
8.00464,7.48626,7.90259,7.79783,3.52%
7.69468,7.63816,8.09107,7.80797,3.16%
8.04044,7.55639,7.87048,7.822436667,3.14%
7.76445,7.40121,8.30949,7.82505,5.84%
8.01886,7.62979,7.83032,7.826323333,2.49%
8.1757,7.55262,7.7778,7.835373333,4.03%
7.90757,7.72904,7.87359,7.836733333,1.21%
8.06855,7.63021,7.81992,7.83956,2.80%
8.37005,7.86129,7.29589,7.84241,6.85%
8.21338,7.587,7.72995,7.843443333,4.19%
8.32054,7.85882,7.35778,7.845713333,6.14%
8.105,7.67208,7.76636,7.847813333,2.90%
8.15835,7.54752,7.86121,7.855693333,3.89%
7.9073,7.79826,7.89859,7.86805,0.77%
7.94951,7.59378,8.06705,7.870113333,3.13%
7.82801,7.73966,8.04599,7.87122,2.00%
8.11005,7.64192,7.86347,7.871813333,2.97%
7.89647,7.68066,8.04161,7.872913333,2.31%
8.25683,7.76314,7.60192,7.873963333,4.33%
7.89849,7.45247,8.27594,7.875633333,5.23%
7.94053,7.829,7.85917,7.876233333,0.73%
7.95562,7.38354,8.32518,7.888113333,6.01%
8.01692,7.67394,7.97568,7.888846667,2.37%
7.97794,7.50149,8.19103,7.890153333,4.47%
7.97037,7.35642,8.3599,7.895563333,6.41%
7.88704,7.89937,7.9105,7.89897,0.15%
7.85797,7.69132,8.15625,7.901846667,2.98%
7.94226,7.83526,7.9304,7.90264,0.74%
7.85514,7.66329,8.19191,7.903446667,3.39%
7.86121,7.63971,8.21681,7.90591,3.68%
7.9674,7.51029,8.25254,7.910076667,4.73%
8.3896,7.94879,7.39579,7.911393333,6.29%
8.14123,7.41931,8.17387,7.91147,5.39%
8.17964,7.66749,7.92306,7.923396667,3.23%
7.96109,7.64124,8.17184,7.924723333,3.37%
7.93914,7.65885,8.17893,7.92564,3.28%
7.97411,7.94985,7.85423,7.926063333,0.80%
8.12642,7.54579,8.10662,7.926276667,4.16%
7.98297,7.56096,8.24304,7.92899,4.34%
8.22086,7.67567,7.90451,7.93368,3.45%
8.08471,7.58605,8.13563,7.935463333,3.83%
8.03546,7.4871,8.28842,7.936993333,5.16%
7.9686,7.56639,8.30266,7.945883333,4.64%
8.07053,7.58949,8.20857,7.956196667,4.08%
7.94037,7.71396,8.22604,7.960123333,3.22%
7.94096,7.71316,8.24131,7.965143333,3.33%
8.06221,7.74991,8.09869,7.97027,2.41%
8.3073,7.65869,7.94808,7.971356667,4.08%
8.0522,7.90454,7.96483,7.973856667,0.93%
8.07551,7.39971,8.44747,7.97423,6.66%
8.42174,7.77819,7.72947,7.976466667,4.84%
8.02832,7.62503,8.27712,7.976823333,4.13%
7.91249,8.01692,8.01867,7.982693333,0.76%
7.97988,7.49309,8.50522,7.99273,6.33%
8.15071,7.94609,7.91249,8.003096667,1.61%
8.21256,7.49714,8.32639,8.01203,5.61%
8.17102,7.58446,8.28511,8.01353,4.69%
8.03702,7.90528,8.10484,8.015713333,1.27%
7.97532,7.6241,8.45416,8.01786,5.20%
8.02971,7.60357,8.44151,8.02493,5.22%
8.09608,7.74251,8.24889,8.02916,3.23%
8.03632,7.94027,8.11437,8.03032,1.09%
8.39607,7.76402,7.93959,8.033226667,4.06%
8.1176,7.66724,8.31594,8.033593333,4.14%
8.18994,7.55517,8.35962,8.03491,5.28%
8.1994,7.58333,8.32977,8.0375,4.96%
8.25357,7.51994,8.34487,8.03946,5.63%
8.36399,7.87008,7.91391,8.049326667,3.40%
8.08205,7.91333,8.15711,8.05083,1.55%
8.17651,7.72529,8.27337,8.05839,3.63%
8.16573,7.80398,8.21503,8.06158,2.78%
8.37203,7.99041,7.82502,8.062486667,3.48%
8.31084,7.97897,7.91225,8.067353333,2.65%
8.12424,7.9144,8.16999,8.069543333,1.69%
8.34692,8.01856,7.846,8.070493333,3.15%
8.30985,7.52353,8.3847,8.072693333,5.91%
8.16944,8.03389,8.01692,8.073416667,1.04%
8.17771,8.0925,7.95823,8.076146667,1.37%
8.00162,7.92649,8.30542,8.077843333,2.48%
8.11629,7.58579,8.55196,8.08468,5.98%
8.36748,7.64643,8.24401,8.085973333,4.77%
8.29953,7.8907,8.12059,8.103606667,2.53%
8.03838,8.08229,8.19315,8.104606667,0.98%
8.24498,7.81864,8.2844,8.116006667,3.18%
8.40643,7.82687,8.12009,8.117796667,3.57%
8.33225,7.71832,8.31749,8.122686667,4.31%
8.17587,7.93423,8.26291,8.124336667,2.10%
8.1311,7.93158,8.33508,8.132586667,2.48%
8.13293,7.97897,8.29205,8.13465,1.92%
8.25213,7.96495,8.22737,8.14815,1.95%
8.5355,7.91451,8.00075,8.150253333,4.13%
8.30349,7.97745,8.19214,8.157693333,2.03%
8.19037,8.08439,8.2006,8.158453333,0.79%
8.24673,7.82948,8.40631,8.16084,3.65%
8.11502,7.99141,8.3835,8.16331,2.46%
8.37507,7.89946,8.2336,8.169376667,2.99%
8.29597,7.77952,8.43531,8.170266667,4.23%
8.2459,7.94205,8.32478,8.17091,2.47%
8.68956,7.54351,8.28007,8.171046667,7.11%
7.64719,8.44473,8.45904,8.183653333,5.68%
8.24829,8.09647,8.22678,8.190513333,1.00%
8.35168,8.09486,8.15753,8.201356667,1.63%
8.36773,7.96833,8.29303,8.209696667,2.59%
8.29882,7.92459,8.41976,8.21439,3.14%
8.1728,8.1728,8.33137,8.225656667,1.11%
8.37,7.92668,8.38294,8.22654,3.16%
8.27442,7.93364,8.47648,8.22818,3.33%
8.58323,7.93227,8.1822,8.232566667,3.99%
8.3512,8.04746,8.31275,8.237136667,2.01%
8.30294,8.22218,8.2066,8.243906667,0.63%
8.33947,8.1745,8.31821,8.277393333,1.08%
8.41737,8.30651,8.1728,8.298893333,1.48%
8.33052,8.19448,8.42029,8.315096667,1.37%
8.16046,8.36977,8.48554,8.33859,1.98%
8.35567,8.27079,8.46787,8.364776667,1.18%
8.42703,8.35022,8.31916,8.36547,0.66%
8.45728,8.21033,8.4356,8.367736667,1.63%
8.39842,8.43173,8.29847,8.376206667,0.83%
8.36061,8.40521,8.39001,8.385276667,0.27%
8.39365,8.29624,8.4872,8.392363333,1.14%
8.51927,8.36061,8.36061,8.413496667,1.09%
8.39519,8.31259,8.55654,8.42144,1.47%
8.41976,8.41976,8.4604,8.433306667,0.28%
9.04045,8.62512,7.67206,8.445876667,8.31%
8.28808,8.49016,8.55982,8.44602,1.67%
8.51937,8.38835,8.43731,8.448343333,0.78%
8.428,8.4072,8.54371,8.459636667,0.87%
8.5712,8.37105,8.47051,8.47092,1.18%
8.60337,8.44878,8.3677,8.473283333,1.41%
8.72146,8.45712,8.25817,8.478916667,2.74%
8.45113,8.45728,8.54718,8.485196667,0.63%
7.16144,9.06202,9.26226,8.49524,13.65%
8.56746,8.35676,8.56746,8.497226667,1.43%
9.09256,8.69372,7.72082,8.502366667,8.30%
8.6942,8.56295,8.30076,8.519303333,2.35%
8.56951,8.48393,8.51014,8.521193333,0.51%
9.07331,8.85331,7.68821,8.538276667,8.72%
8.58059,8.61277,8.46583,8.553063333,0.90%
8.53069,8.5712,8.57509,8.558993333,0.29%
8.52905,8.69643,8.45728,8.56092,1.43%
8.44076,8.61101,8.67934,8.577036667,1.43%
8.53411,8.56746,8.63187,8.577813333,0.58%
9.23034,8.6332,7.94368,8.602406667,7.48%
8.93256,8.36129,8.53407,8.609306667,3.40%
9.02928,8.5353,8.26528,8.609953333,4.50%
8.83087,8.45894,8.56575,8.61852,2.22%
8.81042,8.63345,8.4205,8.621456667,2.26%
9.17786,8.67681,8.03099,8.628553333,6.66%
9.01649,8.74438,8.12745,8.62944,5.28%
8.84199,8.90656,8.19435,8.647633333,4.55%
8.59686,8.66196,8.71965,8.65949,0.71%
9.00887,8.70023,8.2785,8.662533333,4.23%
8.92922,8.48517,8.57813,8.664173333,2.70%
9.04576,8.79201,8.16193,8.666566667,5.25%
8.80211,8.59908,8.61709,8.67276,1.30%
8.80369,8.64432,8.5712,8.67307,1.37%
9.08191,8.70331,8.26807,8.68443,4.69%
9.07651,8.93661,8.04801,8.687043333,6.42%
9.20416,8.77683,8.09699,8.69266,6.42%
8.93277,8.63767,8.52087,8.697103333,2.44%
9.04472,8.61054,8.4403,8.69852,3.58%
8.80932,8.62191,8.67835,8.703193333,1.10%
8.99759,8.53306,8.5842,8.70495,2.93%
8.93574,8.69873,8.49282,8.709096667,2.54%
8.88137,8.68188,8.60436,8.722536667,1.64%
8.94368,8.75897,8.46546,8.722703333,2.76%
8.75681,8.58814,8.83844,8.727796667,1.46%
8.84088,8.65783,8.70512,8.73461,1.09%
8.73572,8.63152,8.84467,8.737303333,1.22%
8.85094,8.70314,8.68054,8.744873333,1.06%
8.10362,8.9509,9.19652,8.750346667,6.55%
8.81727,8.73618,8.7338,8.762416667,0.54%
9.07134,8.69708,8.53588,8.7681,3.13%
8.78126,8.55002,8.97939,8.770223333,2.45%
8.8517,8.47163,8.99757,8.773633333,3.09%
9.21066,8.59488,8.52918,8.77824,4.28%
8.84176,8.50838,8.98981,8.779983333,2.81%
8.93857,8.83944,8.5796,8.78587,2.11%
8.89675,8.6488,8.83224,8.792596667,1.46%
9.04392,8.67707,8.66455,8.79518,2.45%
8.89186,8.79513,8.72174,8.80291,0.97%
8.87245,8.46726,9.08265,8.807453333,3.55%
8.72463,8.66025,9.04336,8.809413333,2.33%
9.18376,8.67613,8.6103,8.823396667,3.56%
8.62756,8.88987,8.95794,8.825123333,1.98%
8.83844,8.83844,8.8412,8.83936,0.02%
9.08231,8.82289,8.64757,8.850923333,2.47%
8.99309,8.7977,8.77168,8.854156667,1.37%
8.86136,8.77929,8.93218,8.85761,0.86%
8.93481,8.83915,8.81789,8.86395,0.70%
8.96697,8.80984,8.81903,8.86528,0.99%
8.95011,8.61353,9.03484,8.86616,2.51%
9.29195,9.1454,8.16375,8.867033333,6.92%
8.82858,8.74627,9.06314,8.87933,1.85%
8.94383,8.85188,8.86111,8.885606667,0.57%
8.93466,8.8344,8.88803,8.885696667,0.56%
9.36168,8.70501,8.59499,8.887226667,4.66%
8.91995,8.73336,9.01379,8.889033333,1.61%
8.88029,8.44214,9.34929,8.890573333,5.10%
8.96882,8.65117,9.05379,8.89126,2.39%
8.99214,8.8213,8.86731,8.893583333,0.99%
8.97184,8.85166,8.86017,8.894556667,0.75%
8.98325,8.47589,9.22686,8.895333333,4.31%
8.95631,8.56362,9.17428,8.89807,3.48%
9.0591,8.72406,8.91296,8.898706667,1.89%
9.00315,8.68111,9.01424,8.8995,2.13%
8.93526,8.72246,9.04187,8.899863333,1.83%
8.76964,8.88769,9.04965,8.902326667,1.58%
8.92322,8.63867,9.14586,8.902583333,2.86%
8.97707,8.6759,9.05602,8.902996667,2.25%
9.04441,8.62584,9.05112,8.907123333,2.74%
8.94463,8.75615,9.10005,8.93361,1.93%
9.16099,8.77659,8.86515,8.934243333,2.25%
9.085,8.66141,9.08273,8.943046667,2.73%
9.01851,8.71689,9.10071,8.94537,2.26%
8.82314,8.75848,9.26069,8.947436667,3.05%
8.91381,8.79197,9.14537,8.950383333,2.01%
9.38994,9.12559,8.34247,8.952666667,6.08%
8.96824,8.63503,9.26207,8.955113333,3.50%
8.96265,9.04256,8.87228,8.959163333,0.95%
8.90411,8.74986,9.23203,8.962,2.75%
9.46834,8.6537,8.78396,8.968666667,4.88%
9.32622,8.81121,8.77601,8.971146667,3.43%
9.18422,8.90198,8.8299,8.972033333,2.09%
8.86619,8.83863,9.21751,8.97411,2.35%
8.91186,8.86076,9.15307,8.97523,1.74%
8.96807,8.87692,9.08992,8.978303333,1.19%
9.00723,8.88906,9.04016,8.978816667,0.88%
9.1014,8.96032,8.88611,8.98261,1.22%
8.98756,8.86974,9.09194,8.98308,1.24%
9.23999,8.64532,9.07202,8.985776667,3.41%
9.06642,8.77317,9.12361,8.987733333,2.09%
9.3282,8.82902,8.80872,8.988646667,3.27%
8.9973,8.78303,9.18745,8.98926,2.25%
8.94397,8.90773,9.11762,8.989773333,1.25%
9.00802,8.69986,9.26287,8.99025,3.14%
9.12815,8.64443,9.20254,8.991706667,3.37%
9.21779,9.09932,8.66634,8.994483333,3.23%
9.32462,8.90536,8.76779,8.999256667,3.22%
9.15513,8.75034,9.09379,8.999753333,2.42%
9.14862,8.63791,9.22263,9.003053333,3.54%
9.59607,8.72422,8.70961,9.009966667,5.63%
9.35306,8.76238,8.91755,9.010996667,3.40%
9.12151,8.55105,9.36308,9.01188,4.63%
8.9235,8.85914,9.27096,9.017866667,2.46%
8.98145,8.77967,9.31403,9.02505,2.99%
9.17172,8.60274,9.30355,9.026003333,4.13%
9.37914,9.098,8.60963,9.028923333,4.31%
9.21934,8.75477,9.14213,9.038746667,2.75%
9.18121,8.81991,9.11594,9.03902,2.13%
9.13117,8.88241,9.11941,9.04433,1.55%
9.2505,8.73802,9.14805,9.045523333,3.00%
9.13368,9.05857,8.94613,9.046126667,1.04%
9.04274,8.99556,9.11827,9.05219,0.68%
9.10497,8.82505,9.23393,9.05465,2.31%
9.13717,9.19473,8.83304,9.05498,2.15%
8.97835,8.86204,9.34716,9.062516667,2.79%
9.03765,8.89964,9.25202,9.063103333,1.96%
9.14366,8.99823,9.05219,9.064693333,0.81%
9.12295,8.96938,9.13122,9.074516667,1.00%
9.28894,8.76269,9.17962,9.077083333,3.06%
9.25159,8.66029,9.32464,9.07884,4.01%
9.14071,9.00116,9.10422,9.08203,0.80%
9.08724,9.08724,9.08724,9.08724,0.00%
9.23764,9.08327,8.96104,9.093983333,1.52%
9.10733,8.8682,9.31604,9.09719,2.46%
9.23773,8.72426,9.3574,9.106463333,3.69%
9.10168,9.06309,9.16778,9.11085,0.58%
9.34558,9.40252,8.58939,9.112496667,4.98%
9.09344,8.88298,9.3657,9.11404,2.66%
9.24003,9.04643,9.06662,9.117693333,1.17%
9.06087,9.13863,9.18147,9.12699,0.67%
9.16263,8.99364,9.24386,9.133376667,1.40%
9.27412,8.73271,9.40983,9.138886667,3.92%
9.13934,9.13934,9.14788,9.142186667,0.05%
9.20995,8.77587,9.47338,9.153066667,3.85%
9.14235,8.96443,9.36856,9.158446667,2.21%
9.3018,9.1954,9.00024,9.165813333,1.67%
9.37703,9.10489,9.0354,9.17244,1.97%
9.40284,9.03162,9.09719,9.177216667,2.16%
9.41607,9.19459,8.94147,9.184043333,2.59%
9.61312,9.00424,8.94181,9.18639,4.04%
9.43852,9.13515,9.02186,9.19851,2.34%
9.55255,9.13346,8.97217,9.219393333,3.25%
9.38982,8.71749,9.55983,9.22238,4.83%
9.20068,8.89881,9.59018,9.22989,3.76%
9.17786,9.24003,9.29557,9.23782,0.64%
9.69912,9.10929,8.9152,9.241203333,4.42%
9.28015,9.34253,9.13934,9.254006667,1.12%
9.46383,8.85929,9.47367,9.265596667,3.80%
9.33963,9.13236,9.33963,9.27054,1.29%
9.20294,9.3055,9.31897,9.275803333,0.68%
9.29166,9.20326,9.34442,9.27978,0.77%
9.31181,9.22059,9.31744,9.28328,0.59%
9.35122,9.39731,9.11829,9.28894,1.61%
9.31534,9.00941,9.54492,9.28989,2.89%
9.6371,9.21507,9.0241,9.29209,3.38%
9.59126,9.16454,9.13228,9.296026667,2.76%
9.43889,9.16934,9.32785,9.312026667,1.45%
9.47329,9.00023,9.48341,9.318976667,2.96%
9.38177,9.18647,9.38971,9.319316667,1.24%
9.43719,9.04203,9.48855,9.32259,2.62%
9.38698,9.21228,9.42872,9.34266,1.23%
9.52698,9.05784,9.45771,9.34751,2.71%
9.51133,9.31479,9.24003,9.355383333,1.50%
9.31769,9.28851,9.46504,9.35708,1.01%
9.30896,9.32247,9.44325,9.358226667,0.79%
9.31798,9.33963,9.41777,9.35846,0.56%
9.27433,9.27677,9.56643,9.37251,1.79%
9.52438,9.06628,9.53382,9.374826667,2.85%
9.95915,8.85887,9.31984,9.379286667,5.89%
9.32884,9.33008,9.48616,9.381693333,0.96%
9.45767,9.39695,9.32852,9.39438,0.69%
9.60783,9.05873,9.52974,9.398766667,3.16%
9.42129,9.42129,9.44304,9.42854,0.13%
9.39039,9.37407,9.52429,9.429583333,0.87%
8.85184,9.57879,9.85942,9.430016667,5.51%
9.6362,9.06939,9.60812,9.437903333,3.38%
9.58152,9.20925,9.54739,9.446053333,2.18%
9.53399,9.12107,9.7181,9.45772,3.23%
9.47118,9.44329,9.53997,9.484813333,0.52%
9.46787,9.54784,9.44231,9.486006667,0.58%
9.49089,9.49089,9.49756,9.493113333,0.04%
9.56134,9.50028,9.42129,9.494303333,0.74%
9.57033,9.41161,9.50977,9.497236667,0.84%
9.60055,9.33729,9.61288,9.516906667,1.64%
9.92212,9.24213,9.51967,9.561306667,3.58%
9.50806,9.6636,9.5932,9.588286667,0.81%
9.65488,9.5643,9.60786,9.609013333,0.47%
9.52858,9.68375,9.63891,9.61708,0.83%
9.62879,9.60306,9.64302,9.624956667,0.21%
9.75193,9.48682,9.63963,9.626126667,1.38%
9.55712,9.64493,9.68747,9.62984,0.69%
9.79158,9.63757,9.49089,9.640013333,1.56%
10.09022,9.75298,9.26995,9.704383333,4.25%
9.70277,9.75193,9.78552,9.74674,0.43%
10.10447,9.6997,9.53937,9.78118,2.98%
10.20573,9.72826,9.45888,9.797623333,3.86%
10.12264,9.81806,9.61814,9.852946667,2.58%
10.17044,9.72245,9.67745,9.85678,2.77%
10.04068,9.81047,9.75193,9.867693333,1.55%
10.15081,9.66875,9.83444,9.884666667,2.48%
10.21556,9.65938,9.7796,9.884846667,2.96%
10.14156,9.73651,9.80439,9.894153333,2.19%
10.06426,9.83445,9.8191,9.905936667,1.39%
10.11437,9.63551,10.06286,9.93758,2.65%
10.12842,9.84195,9.86189,9.944086667,1.61%
10.09089,9.6767,10.09401,9.953866667,2.41%
10.09152,9.7606,10.01169,9.954603333,1.73%
10.24887,9.76428,9.85988,9.957676667,2.58%
10.12904,9.8184,9.93878,9.962073333,1.57%
10.09253,9.77752,10.03995,9.97,1.69%
10.04871,9.78607,10.09725,9.977343333,1.68%
10.18255,9.90058,9.85863,9.980586667,1.77%
10.21006,9.83946,9.91466,9.98806,1.96%
10.16794,9.88211,9.92993,9.993326667,1.53%
10.16402,9.88273,9.93398,9.993576667,1.50%
10.11293,9.79841,10.07983,9.997056667,1.73%
10.18354,9.72305,10.09588,10.00082333,2.44%
10.09776,9.81776,10.09432,10.00328,1.61%
10.11174,9.84346,10.06369,10.00629667,1.43%
10.12905,9.81202,10.08958,10.01021667,1.73%
10.17517,9.79312,10.07144,10.01324333,1.97%
10.12936,9.79118,10.12657,10.01570333,1.94%
10.05351,9.95763,10.05351,10.02155,0.55%
10.20806,9.80201,10.05553,10.02186667,2.05%
10.09363,9.83142,10.16381,10.02962,1.75%
10.18503,9.79465,10.14287,10.04085,2.13%
10.26374,9.78829,10.11294,10.05499,2.42%
10.11365,9.87133,10.18118,10.05538667,1.62%
9.95628,10.05351,10.19716,10.06898333,1.20%
10.2439,9.79327,10.18485,10.07400667,2.43%
10.25303,9.86565,10.10855,10.07574333,1.94%
10.15561,10.22252,10.05237,10.1435,0.85%
10.74396,10.59644,10.00798,10.44946,3.73%
10.91705,10.65478,9.89086,10.48756333,5.08%
10.8226,10.60672,10.24256,10.55729333,2.78%
10.66911,10.65771,10.41103,10.57928333,1.38%
10.75632,10.85699,10.17815,10.59715333,3.46%
11.27554,10.92928,9.79577,10.66686333,7.26%
10.79395,10.60412,10.6666,10.68822333,0.91%
10.67675,10.65104,10.74467,10.69082,0.45%
11.31902,10.74638,10.01689,10.69409667,6.10%
10.62439,10.46367,11.00495,10.69767,2.60%
10.79906,10.59661,10.70266,10.69944333,0.95%
10.59519,10.68065,10.85736,10.71106667,1.25%
10.7388,10.68939,10.76385,10.73068,0.35%
10.81322,10.74994,10.65411,10.73909,0.75%
10.7564,10.68763,10.79176,10.74526333,0.49%
10.78424,10.5646,10.90559,10.75147667,1.61%
11.00294,10.60643,10.6488,10.75272333,2.02%
10.69833,10.72542,10.83918,10.75431,0.69%
11.29312,10.91152,10.07515,10.75993,5.79%
10.75585,10.73795,10.79653,10.76344333,0.28%
10.71059,10.58371,11.02614,10.77348,2.11%
11.23423,10.75561,10.33666,10.7755,4.17%
10.84773,10.61313,10.87853,10.77979667,1.35%
10.76462,10.78858,10.78903,10.78074333,0.13%
10.76185,10.75922,10.84075,10.78727333,0.43%
11.18555,10.74962,10.42708,10.78741667,3.53%
10.70532,10.72339,10.93411,10.78760667,1.18%
10.73955,10.78318,10.88471,10.80248,0.69%
11.11484,10.66166,10.64666,10.80772,2.46%
10.73411,10.67019,11.03419,10.81283,1.80%
10.74813,10.68545,11.01464,10.81607333,1.62%
10.78002,10.76028,10.91291,10.81773667,0.77%
10.9211,10.60826,10.99192,10.84042667,1.88%
10.90232,10.75327,10.86666,10.84075,0.72%
11.31936,11.01939,10.21086,10.84987,5.28%
11.06285,10.6809,10.82552,10.85642333,1.78%
11.42996,10.85957,10.31042,10.86665,5.15%
11.30129,10.65863,10.66268,10.8742,3.40%
10.98322,10.65606,10.99679,10.87869,1.77%
10.95192,10.68079,11.02479,10.88583333,1.67%
10.81382,10.69755,11.15834,10.88990333,2.20%
10.94219,10.69076,11.03778,10.89024333,1.65%
10.95476,10.67172,11.0675,10.89799333,1.87%
10.88098,10.69867,11.12149,10.90038,1.95%
11.02471,10.63555,11.05159,10.90395,2.14%
11.36049,10.88393,10.56032,10.93491333,3.68%
11.30312,10.88037,10.6368,10.94009667,3.08%
11.33921,10.72331,10.81427,10.95893,3.03%
11.26483,10.77588,10.84654,10.96241667,2.41%
11.3448,10.7729,10.77501,10.96423667,3.01%
11.21204,10.73386,10.98904,10.97831333,2.18%
11.42104,10.78437,10.82392,11.00977667,3.24%
11.37828,11.1283,10.52292,11.00983333,3.99%
11.13702,10.69103,11.20354,11.01053,2.53%
11.20808,11.0444,10.78662,11.01303333,1.93%
11.16807,10.70644,11.1653,11.01327,2.41%
11.36069,10.97717,10.74902,11.02896,2.80%
11.31461,11.02048,10.76932,11.03480333,2.47%
11.34146,10.8802,10.89494,11.03886667,2.37%
11.24791,10.89628,10.99126,11.04515,1.65%
11.16745,10.89214,11.07875,11.04611333,1.27%
11.42966,10.83555,10.88157,11.04892667,2.99%
11.30155,10.85815,11.01423,11.05797667,2.03%
11.18462,10.76219,11.24062,11.06247667,2.36%
11.39941,11.00277,10.80072,11.06763333,2.75%
11.17801,10.8223,11.20545,11.06858667,1.93%
11.19382,10.88283,11.14988,11.07551,1.52%
11.17621,10.74539,11.30885,11.07681667,2.66%
11.24987,10.68885,11.2927,11.07714,3.04%
11.43207,10.83771,10.98291,11.08423,2.80%
11.17849,11.02368,11.05815,11.08677333,0.73%
10.95514,11.15102,11.17309,11.09308333,1.08%
11.33154,11.05635,10.90371,11.0972,1.95%
11.35869,10.74116,11.19626,11.09870333,2.88%
11.21058,10.97387,11.15024,11.11156333,1.11%
11.14968,10.92424,11.29291,11.12227667,1.67%
11.30863,11.10901,10.95963,11.12575667,1.57%
11.39486,11.11318,10.87933,11.12912333,2.32%
11.28939,10.92789,11.18213,11.13313667,1.67%
11.52085,11.07493,10.83966,11.14514667,3.10%
11.35268,10.92038,11.17634,11.1498,1.95%
11.24286,11.02645,11.186,11.15177,1.01%
11.24262,11.0145,11.21352,11.15688,1.11%
11.27729,10.97084,11.22319,11.15710667,1.47%
11.40075,11.0678,11.01789,11.16214667,1.86%
11.35128,11.02271,11.11864,11.16421,1.51%
11.20088,10.99941,11.31932,11.17320333,1.45%
11.45418,11.10741,10.97428,11.17862333,2.22%
11.33471,11.11311,11.0918,11.17987333,1.20%
11.30845,10.96422,11.28191,11.18486,1.71%
11.32431,10.89969,11.33688,11.18696,2.22%
11.23637,11.17263,11.16112,11.19004,0.36%
11.36517,10.93027,11.29294,11.19612667,2.08%
11.30713,11.18364,11.11945,11.20340667,0.85%
11.36108,10.90475,11.35138,11.20573667,2.33%
11.32073,10.90935,11.38736,11.20581333,2.31%
11.2813,11.10549,11.2383,11.20836333,0.82%
11.26815,11.054,11.33308,11.21841,1.30%
11.30509,10.9658,11.38565,11.21884667,1.99%
11.41962,10.92195,11.3361,11.22589,2.37%
11.41797,10.95322,11.31394,11.22837667,2.17%
11.40949,10.99762,11.2855,11.23087,1.88%
11.5581,10.91554,11.23029,11.23464333,2.86%
11.31545,11.21146,11.22381,11.25024,0.50%
11.26896,11.0918,11.40107,11.25394333,1.38%
11.36486,11.05841,11.34014,11.25447,1.51%
11.39349,11.1622,11.22523,11.26030667,1.06%
11.35752,11.03752,11.43182,11.27562,1.86%
11.43151,10.97384,11.43286,11.27940333,2.35%
11.30523,11.08752,11.4674,11.28671667,1.69%
11.31733,11.09123,11.46977,11.29277667,1.69%
11.90912,11.51952,10.45822,11.29562,6.65%
11.42492,11.05606,11.45745,11.31281,1.97%
11.40494,11.21703,11.39251,11.33816,0.93%
11.5275,11.04012,11.48551,11.35104333,2.38%
11.73667,10.97666,11.34023,11.35118667,3.35%
11.33308,11.33308,11.40076,11.35564,0.34%
11.98335,11.46188,10.70542,11.38355,5.64%
11.55552,11.38751,11.30148,11.41483667,1.13%
11.92294,11.42964,11.02271,11.45843,3.93%
11.86874,11.65484,10.92569,11.48309,4.31%
11.8821,11.4151,11.30008,11.53242667,2.67%
11.94622,11.53535,11.13428,11.53861667,3.52%
12.04898,11.34309,11.27236,11.55481,3.72%
11.70857,11.3343,11.70011,11.58099333,1.85%
12.04848,11.3984,11.37904,11.60864,3.28%
11.85635,11.62024,11.42288,11.63315667,1.87%
11.73006,11.62576,11.57539,11.64373667,0.68%
11.83272,11.40733,11.70744,11.64916333,1.88%
11.96142,11.60684,11.39653,11.65493,2.45%
11.84613,11.68617,11.46574,11.66601333,1.64%
11.78361,11.52896,11.70097,11.67118,1.11%
11.8343,11.49501,11.68703,11.67211333,1.46%
11.89937,11.58072,11.54151,11.67386667,1.68%
11.79837,11.54198,11.72687,11.68907333,1.13%
11.85729,11.49519,11.71775,11.69007667,1.56%
11.99426,11.65297,11.47995,11.70906,2.24%
12.11775,11.46886,11.54796,11.71152333,3.02%
11.98539,11.75145,11.43602,11.72428667,2.35%
11.79042,11.58764,11.82424,11.7341,1.09%
11.94401,11.57871,11.71148,11.74473333,1.57%
11.84389,11.60515,11.8389,11.76264667,1.16%
12.13541,11.74468,11.42535,11.76848,3.02%
12.05964,11.45774,11.79014,11.76917333,2.56%
11.92093,11.66098,11.7658,11.78257,1.11%
11.92519,11.60598,11.81728,11.78281667,1.38%
11.89313,11.68991,11.92391,11.83565,1.07%
12.07013,11.56378,11.88203,11.83864667,2.16%
12.10461,11.60312,11.97164,11.89312333,2.18%
12.16752,11.63127,11.9592,11.91933,2.27%
12.15288,11.72396,11.9395,11.93878,1.80%
12.41587,11.67911,11.90834,12.00110667,3.14%
12.99869,12.76546,11.79058,12.51824333,5.12%
12.9857,12.67845,11.99662,12.55359,4.03%
12.76771,12.67911,12.40389,12.61690333,1.50%
12.97315,12.70465,12.2784,12.65206667,2.77%
13.00328,12.61159,12.56924,12.72803667,1.88%
13.02302,12.93317,12.31691,12.7577,3.01%
13.0363,12.58904,12.65088,12.75874,1.90%
12.9908,12.65732,12.644,12.76404,1.54%
12.83054,12.56998,12.98159,12.79403667,1.63%
13.05631,12.82131,12.52358,12.8004,2.09%
13.09001,12.81013,12.58615,12.82876333,1.97%
12.96859,12.792,12.73078,12.83045667,0.96%
13.09554,12.71974,12.69594,12.83707333,1.75%
12.89673,12.65478,12.97049,12.84066667,1.29%
12.9476,12.65786,12.93333,12.84626333,1.27%
13.14272,12.80841,12.60182,12.85098333,2.12%
12.92245,12.98797,12.68409,12.86483667,1.24%
12.87398,12.92454,12.79934,12.86595333,0.49%
12.97155,12.72661,12.90441,12.86752333,0.98%
12.85078,12.90858,12.9021,12.88715333,0.25%
12.96009,12.80218,12.91569,12.89265333,0.63%
13.04315,12.80462,12.83821,12.89532667,1.00%
12.93715,12.803,12.96001,12.90005333,0.66%
12.90656,12.84001,12.96357,12.90338,0.48%
13.16387,12.89923,12.67053,12.91121,1.91%
12.9509,12.76126,13.05056,12.92090667,1.14%
12.90972,12.81002,13.05608,12.92527333,0.96%
12.98333,12.88957,12.92448,12.93246,0.37%
12.94564,12.81232,13.06327,12.94041,0.97%
12.96789,12.8783,13.00332,12.94983667,0.50%
13.04594,12.84783,12.98369,12.95915333,0.78%
13.11084,12.73059,13.08071,12.97404667,1.63%
13.19025,12.88239,13.04557,13.03940333,1.18%
13.09701,12.94077,13.09984,13.04587333,0.70%
13.44926,12.8989,12.98215,13.11010333,2.26%
14.11534,13.86678,12.8777,13.61994,4.81%
14.31614,13.78897,13.07165,13.72558667,4.55%
14.08013,13.7191,13.47482,13.75801667,2.21%
14.22803,13.75366,13.41514,13.79894333,2.96%
14.2047,13.99222,13.30704,13.83465333,3.39%
14.26237,13.67135,13.67809,13.87060333,2.45%
14.28312,13.6774,13.75292,13.90448,2.37%
14.28611,13.71998,13.72144,13.90917667,2.35%
14.31154,13.69697,13.72663,13.91171333,2.49%
14.02877,13.64309,14.11116,13.92767333,1.79%
14.27707,13.88644,13.70192,13.95514333,2.10%
14.22205,13.92219,13.72743,13.95722333,1.79%
14.2822,13.91505,13.70223,13.96649333,2.10%
14.13248,13.68669,14.0882,13.96912333,1.76%
14.38284,13.87782,13.73179,13.99748333,2.44%
14.06983,13.96359,14.02151,14.01831,0.38%
14.31275,13.90348,13.9046,14.04027667,1.68%
14.16349,13.70454,14.2567,14.04157667,2.11%
14.19719,14.04872,13.88769,14.04453333,1.10%
14.16892,13.84167,14.15413,14.05490667,1.31%
14.13617,13.87859,14.15549,14.05675,1.10%
14.221,13.8703,14.10332,14.06487333,1.27%
14.29007,13.70438,14.20127,14.06524,2.24%
14.30346,13.88924,14.00679,14.06649667,1.52%
14.1065,13.95473,14.14484,14.06869,0.71%
14.14035,13.92539,14.21614,14.09396,1.07%
14.18262,13.83994,14.2678,14.09678667,1.61%
14.24266,13.88835,14.18438,14.10513,1.35%
14.28137,13.925,14.12189,14.10942,1.27%
14.29568,13.88335,14.15226,14.11043,1.48%
14.17451,13.96607,14.20886,14.11648,0.93%
14.27184,13.83839,14.337,14.14907667,1.92%
14.23005,13.93901,14.28301,14.15069,1.31%
14.60988,13.92238,14.15448,14.22891333,2.46%
14.41887,13.9455,14.38853,14.25096667,1.86%
15.26774,14.64249,13.90119,14.60380667,4.68%
15.19517,14.50199,14.39077,14.69597667,2.97%
15.34373,14.62209,14.24524,14.73702,3.79%
15.17195,14.58636,14.6351,14.79780333,2.20%
15.315,14.77405,14.41741,14.83548667,3.05%
15.33502,14.46551,14.82895,14.87649333,2.94%
15.18604,14.55891,14.88687,14.87727333,2.11%
15.32046,14.45033,14.95283,14.90787333,2.93%
15.05974,14.69841,15.04575,14.93463333,1.37%
15.2755,14.76841,14.81125,14.95172,1.88%
15.3113,14.55494,15.0038,14.95668,2.54%
15.16745,14.86649,14.97559,15.00317667,1.02%
15.28741,14.73,15.02722,15.01487667,1.86%
15.0542,14.49044,15.51605,15.02023,3.42%
15.09034,14.7047,15.32564,15.04022667,2.08%
15.09332,14.55098,15.49087,15.04505667,3.14%
15.29306,14.63397,15.2337,15.05357667,2.42%
15.35591,14.74406,15.06677,15.05558,2.03%
15.18033,14.51097,15.50502,15.06544,3.36%
15.23455,14.5501,15.43836,15.07433667,3.09%
15.30347,14.52233,15.45405,15.09328333,3.31%
15.29758,14.87608,15.14755,15.10707,1.41%
15.21434,14.63688,15.47282,15.10801333,2.83%
15.1598,14.76924,15.47557,15.13487,2.34%
15.20448,14.70788,15.49608,15.13614667,2.63%
15.31409,14.79822,15.30615,15.13948667,1.95%
15.22231,14.7236,15.47782,15.14124333,2.53%
15.11611,14.73037,15.5909,15.14579333,2.85%
15.23263,14.85258,15.36867,15.15129333,1.77%
15.37706,14.65533,15.45757,15.16332,2.91%
15.27984,14.65073,15.57207,15.16754667,3.10%
15.34495,14.61526,15.59259,15.18426667,3.35%
15.41769,14.61827,15.55335,15.19643667,3.32%
15.21178,14.71917,15.71701,15.21598667,3.28%
15.18494,14.82696,15.67171,15.22787,2.78%
